"","null","sp_richn","fdis","fmpd","fnnd","feve","fric","fdiv","fori","fspe","fide_PC1","fide_PC2","fide_PC3","fide_PC4","fred","raoQ","simpson","time"
"-7",1,136,0.610627795579154,0.637225952912214,0.523707263828953,0.647973,0.75713903037805,0.799794532576586,0.407378737793505,0.50862549965541,0.041292261937457,0.0173279925527766,-0.0166418114235796,-0.000801684646074374,0.260300620282697,0.721149416560927,0.981450036843624,"-7"
"-6",1,130,0.597446909734191,0.637285936721439,0.490274377137466,0.672128,0.848092191277978,0.788894258492522,0.369576222369129,0.498888069935749,-0.0339518663468798,-0.0235935839679742,-0.0159423690187106,-0.0115445903698965,0.275316238412875,0.699037460218438,0.974353698631312,"-6"
"-5",1,119,0.626852519678803,0.633048662170353,0.538098017142197,0.668444,0.688290889211652,0.842872629560462,0.433929282342086,0.52097245834745,0.0452426219914095,0.0323985389550254,-0.0116137128277028,-0.0226373656369259,0.26958314213883,0.70289089041699,0.97247403255582,"-5"
"-4",1,133,0.582110147987465,0.633466767410807,0.458532466486498,0.67167,0.773215905837271,0.755878915665027,0.407838814577174,0.494178829920026,0.0658280359789867,0.00836905781104832,-0.0181643272845904,-0.0391639372088044,0.278385751205387,0.704060913660939,0.982446664866325,"-4"
"-3",1,142,0.57973696220678,0.623783195501019,0.477881140670952,0.653385,0.878423747565555,0.763942377909316,0.41058291697064,0.485593644215805,-0.0511939680261558,-0.00553089176186023,-0.00688578031065781,0.00516146861882362,0.274104826007536,0.704413291894032,0.978518117901568,"-3"
"-2",1,116,0.565981262730469,0.611947108265165,0.450878341684073,0.650601,0.692879900866201,0.767033393659423,0.364018547572257,0.471314025623518,0.00316561276905499,-0.0140805647807168,0.0124984076867008,0.0234262226307488,0.286927884514928,0.689015238065292,0.97594312258022,"-2"
"-1",1,125,0.637640708967998,0.654946340750855,0.552042536818545,0.657947,0.737364637366287,0.808305802573079,0.451869078676701,0.52637184886377,-0.0140386711025882,0.0191942845575486,0.014870509500429,-0.00517945215746832,0.255360048496025,0.720652049802652,0.976012098298677,"-1"
"0",1,137,0.634299303661587,0.650379127513564,0.509310336314424,0.685234,0.792389478472428,0.806989846031864,0.421472604289363,0.524861594564292,0.0217053815908594,-0.000275435865608115,0.00587138842913103,0.00576723666158385,0.260709875961765,0.718986595699025,0.97969647166079,"0"
"1",1,116,0.567850876969898,0.605449047988112,0.5454707899849,0.694455,0.659805007380955,0.767225794792905,0.387894998237433,0.470141342360284,-0.00486343483230634,0.00142992327224884,-0.0153130939868312,0.0197612532000531,0.275313488020444,0.706299815382202,0.981613303402646,"1"
"2",1,144,0.600885352661948,0.630117721866739,0.496886036744513,0.745188,0.852521469350856,0.770845821147251,0.371806039251556,0.494097849683315,-0.0207021099533357,0.00833827199668349,0.00809343852145144,-0.0138111842218366,0.266712814065619,0.709125905540412,0.975838719606031,"2"
"3",1,130,0.572649279964708,0.629645809245463,0.459658195144863,0.705615,0.838840987541679,0.74263824996315,0.389436216094034,0.473903760264164,-0.0148956841943698,0.00544037103911985,0.0129810014946233,0.017592371746423,0.278627197075242,0.693144983155814,0.971772180231056,"3"
"4",1,133,0.592631897596411,0.629238524561923,0.471122883381554,0.699037,0.791401035334959,0.750612256988494,0.388037049255914,0.499479794045407,0.055441091366537,0.0181082847917404,0.0169864032189945,-0.03375288415746,0.277323071303969,0.701864428696029,0.979187499999999,"4"
"5",1,137,0.570629099770929,0.627879418363803,0.483673041960878,0.660647,0.895753954622011,0.726237739697036,0.432713766148059,0.480940367149254,0.0452444161409874,0.0194661062386431,0.0346006811209684,0.0142756934685394,0.286415310625827,0.691129133818618,0.977544444444445,"5"
"6",1,132,0.591604125739808,0.632075200942968,0.485035686947435,0.689259,0.814774092921903,0.749631439190414,0.40090185730259,0.488004798263364,-0.0132068599546044,-0.00651521798923767,0.000144161618484953,-0.0130154318135972,0.26386356298495,0.702887781065872,0.966751344050822,"6"
"7",1,142,0.528978186683786,0.603097660744141,0.434596657664943,0.65467,0.790739919847558,0.65829129032914,0.384176539336298,0.452008042133453,0.0242777425415212,-0.0344189743060885,-0.0204963193462472,0.0126267662197367,0.282225813150149,0.688916242720385,0.971142055870533,"7"
"8",1,146,0.600930991712295,0.625973918282547,0.459320094433924,0.610389,0.809398371719787,0.806287988693293,0.37816452448296,0.497727040930383,-0.0483900810155603,0.00279646266556841,0.0106718447101701,-0.0107085858224631,0.255769260103214,0.708148992356959,0.963918252460174,"8"
"9",1,131,0.579943087310503,0.632324201477272,0.513210133569353,0.671397,0.71678589285918,0.756492830609454,0.406810223178588,0.48705740935669,0.0392070863948418,-0.0334947616518192,-0.0308043710085112,-0.00998248675464457,0.257885695776484,0.706052776961957,0.963938472738441,"9"
"10",1,128,0.59558471790436,0.633760603206323,0.503391092468925,0.629983,0.790939620787262,0.776806188516439,0.42460714495657,0.496329592783513,0.0254563095406486,-0.0352773059132671,-0.00467579258560706,-0.0157258243005184,0.265734798144442,0.702599137020792,0.968333935165233,"10"
"11",1,127,0.643611945700101,0.666131374845916,0.541128306386621,0.68804,0.798554234015982,0.815096566630977,0.441181133052863,0.536821783993036,0.0519648112700776,-0.0183244465691533,0.00369231819757248,0.0089895272805416,0.253115248503972,0.725193954766278,0.97830920327025,"11"
"12",1,120,0.636010238827253,0.665873314101806,0.530520677120482,0.666068,0.803377217819773,0.803592986506386,0.417152319074521,0.52870808747303,-0.0478514156414465,-0.0157052128929383,0.0195027840021292,0.00222896415584228,0.25534391307986,0.715945723339594,0.971289636419454,"12"
"13",1,129,0.59017934169875,0.625051194548294,0.47430641608066,0.684919,0.74124427104004,0.804499438968437,0.364588350154461,0.489565132714333,-0.0084148839851837,-0.00664695072786182,-0.0247237956925053,-0.00265461429517491,0.277004815669323,0.705504543103772,0.982509358773094,"13"
"14",1,127,0.669338754119012,0.682828710002084,0.581572446632211,0.666512,0.796779488020495,0.798634794836063,0.418862759651908,0.555019800989364,0.0224529323354286,-0.00772485904868761,0.021077871876044,-0.0441334662902594,0.236085692214962,0.720407242933324,0.956492935148285,"14"
"15",1,122,0.62273119163366,0.645577088425626,0.497600679523075,0.661564,0.746840896513784,0.826493285855271,0.413507992378885,0.519212875680801,0.0422151585283654,-0.0103612210661433,-0.00872143537674171,0.0302346488678821,0.270470377155868,0.706891606315207,0.977361983471075,"15"
"16",1,134,0.651968422341625,0.6701759536894,0.469929012061481,0.680837,0.782404239312491,0.825303821083194,0.417227786737272,0.557990180141739,-0.104910792116192,-0.0256516706921606,0.0129939609695056,-0.0152754943516236,0.239347444307597,0.72585890637791,0.965206350685507,"16"
"17",1,145,0.598916106464751,0.638352554312389,0.484889114750403,0.685142,0.85844010763431,0.761112058853756,0.408624779965896,0.494524212871896,0.0138767723748547,0.020563338337508,0.0154531229988581,-0.0218854528229424,0.27193899597457,0.708127341174235,0.980066337148805,"17"
"18",1,136,0.585787353556562,0.628676843126433,0.464791840135506,0.682235,0.7869399653728,0.766419299261182,0.380415140835471,0.490480883799345,-0.0550016703845775,0.0417871132851721,-0.0057088196440762,-0.00941581991605173,0.271324991601025,0.708432604560915,0.97975759616194,"18"
"19",1,119,0.620977970540649,0.650842221068217,0.52607777829723,0.660387,0.769162796196815,0.797066043813005,0.396986516767339,0.524186008269835,0.0807404723600885,-0.0141089870547518,0.00668406080239731,-8.79360190446009e-05,0.273718448247557,0.706281551752442,0.979999999999999,"19"
"20",1,125,0.629452842354579,0.652338341630609,0.448084116675844,0.636638,0.804551290252593,0.841736941391115,0.367678031086857,0.524656248952601,0.00517172593518747,0.000384385297462114,-0.043681428558144,0.0126111842509655,0.260206387049624,0.704779026158966,0.96498541320859,"20"
"21",1,121,0.62515218701527,0.649221084313641,0.50918696378253,0.681859,0.758615270889064,0.793980768047248,0.376734343521681,0.517749134561521,0.020045762351694,0.00861886278017808,-0.0233973507133545,-0.036224559030562,0.243360188695913,0.733807458798452,0.977167647494365,"21"
"22",1,128,0.573755208015275,0.62919250454037,0.472338627459359,0.693814,0.821597574227454,0.770521723612481,0.385175161418845,0.480528924396276,-0.0342858714577561,-0.0128671255246762,-0.00806711516705062,0.0192370218609204,0.287717164901559,0.682573790114558,0.970290955016117,"22"
"23",1,136,0.611132189190403,0.647720463870781,0.576316515951444,0.707682,0.795946998175637,0.826332769298894,0.447619784450814,0.515600529627985,-0.0017247588910047,-0.0351493996765774,0.0571930419060964,-0.000412737806643796,0.26919270530942,0.708737549957352,0.977930255266772,"23"
"24",1,134,0.622783864210144,0.648474349804039,0.506426518893628,0.666047,0.871961354408624,0.785078990900652,0.404189082773604,0.513764723315461,-0.0222511216662564,0.00213589828567186,-0.0124049950184544,0.000263135743690427,0.267048788800183,0.713442052797836,0.980490841598019,"24"
"25",1,126,0.588515268785115,0.623999412356181,0.494720225554085,0.676519,0.735531845046896,0.794511070259805,0.413476291849212,0.487875604715629,-0.0263192267659452,0.0223328138340211,-0.0261555027902459,-0.00551476485444619,0.280706554266744,0.695191246180534,0.975897800447278,"25"
"26",1,138,0.584410877850681,0.627962405372149,0.449101623070713,0.642885,0.809317440957445,0.765125016605291,0.377806720300701,0.48708967591583,0.0231534291694864,-0.0235974990592676,0.00060662792870493,0.0103132178263985,0.278762255173003,0.70582107816033,0.984583333333333,"26"
"27",1,130,0.514295594971625,0.590035933785768,0.43359728550857,0.6807,0.731257502284262,0.670185769321206,0.335574377057171,0.430825386686493,-0.0192132562021083,-0.0269085427599084,0.0235434613664563,-0.000318358777242179,0.285670300225637,0.6533863731161,0.939056673341737,"27"
"28",1,134,0.559546852765104,0.629101590308126,0.475360144124869,0.635096,0.79465714515193,0.661665998915611,0.406664144618042,0.461048595658966,0.0159031967147843,0.0100588874460518,-0.00890159784222641,-0.0265272124248799,0.276034821685103,0.697609274818339,0.973644096503443,"28"
"29",1,139,0.634148008419254,0.65895306351431,0.537206600638441,0.69246,0.914359772608151,0.787536457793167,0.43473407683809,0.524709906140834,-0.00962297652132809,-0.0141468499330176,-0.0276697134956088,-0.000816068003879404,0.26279034419365,0.718404437711628,0.981194781905278,"29"
"30",1,138,0.644076673879611,0.655938580050031,0.461554037746415,0.65501,0.720241321118596,0.836346507124634,0.379835064603755,0.540905623613914,-0.0869678723740936,0.0307105976083774,-0.00483941025951358,-0.0277559871902979,0.252567791243933,0.719064821332939,0.971632612576871,"30"
"31",1,128,0.652095410373816,0.666826415168009,0.523739074623775,0.711086,0.727372018612071,0.811949683362947,0.38460419810772,0.53887455782879,-0.0169775761472157,-0.0122465446400337,0.0173101584035486,-0.00391843287293506,0.246234421341776,0.73807755218994,0.984311973531716,"31"
"32",1,135,0.525553879068269,0.592866098131932,0.413949657827003,0.676668,0.757015956811971,0.679286831536645,0.332747605322432,0.443430493032467,0.0247744317215062,0.0105767112498424,-0.0395581046675193,0.000728485175956264,0.291208141639908,0.669882897610212,0.96109103925012,"32"
"33",1,114,0.560627839712883,0.599100937007295,0.514651748349533,0.666548,0.675438355438414,0.793640034127209,0.413089070818028,0.464613975081881,-0.0188057202843006,0.0282857987611298,-0.0228367308198028,0.00896705389341231,0.284386531280949,0.689353015885172,0.973739547166121,"33"
"34",1,127,0.6206313851784,0.647823985040587,0.478299442989542,0.672398,0.709388889023892,0.820881023643125,0.372624996960822,0.514522399198987,-0.0127194311970169,0.0036612780268212,0.00392060693657212,0.025363370501737,0.265518393823446,0.715420404138353,0.980938797961799,"34"
"35",1,129,0.613318714963329,0.646561654711884,0.533230040845687,0.66383,0.75858568009158,0.802099202527315,0.410497761973414,0.507493925141531,0.00775300535679383,-0.00465741172733153,0.000482595555615502,0.0142067856782948,0.270077611531058,0.708326767972221,0.97840437950328,"35"
"36",1,135,0.547080062633712,0.612616212531737,0.504494711785838,0.690666,0.881284772807967,0.698344723641353,0.422771092021094,0.451582815002153,-0.00968272311465313,-0.00600232531743096,0.0121524751367493,-0.00153083795107057,0.271481063331181,0.697863247967863,0.969344311299044,"36"
"37",1,133,0.614918367193929,0.655632488153359,0.466231571415401,0.657948,0.81837759605628,0.830465582085211,0.418181294515339,0.528249619896467,-0.0740187801975183,0.0630798689052137,-0.0158506104134152,0.0413904753594049,0.27830950814067,0.67535982003916,0.95366932817983,"37"
"38",1,147,0.609171686205544,0.642831998223361,0.421249289423599,0.653366,0.780803168780809,0.749601408284714,0.34590366542424,0.508395247015319,0.0408038295101374,-0.00764118128748602,0.000555372663991278,-0.0169878757888458,0.271502143598197,0.705673155554568,0.977175299152765,"38"
"39",1,120,0.654906693546133,0.675976419511692,0.506923230138904,0.650195,0.799567911049679,0.813611188735814,0.378112731354958,0.549087701427127,-0.0841506640230505,0.00978528830181264,0.0458590646609037,-0.0369009212485699,0.248888100688393,0.725733447054089,0.974621547742481,"39"
"40",1,116,0.543912363078209,0.591186412804355,0.443422459827779,0.652228,0.648155632704155,0.741187739701885,0.363515867214291,0.455195093192181,-0.0390927609115676,-0.0273869200682129,-0.00535443572437247,0.0243873448182273,0.295031258466655,0.682373451198263,0.977404709664918,"40"
"41",1,124,0.694159338815247,0.690485528362102,0.48045682679077,0.650078,0.783899304832226,0.827151263452895,0.359437495559673,0.571368020417527,-0.0258617153078518,0.0344494869900129,-0.00373378594389058,-0.0207575877841012,0.243101309338392,0.731104178701733,0.974205488040125,"41"
"42",1,122,0.594032605623472,0.622998207142647,0.469816939991796,0.677862,0.705325288500391,0.800458331061814,0.390604639048093,0.495689200433224,0.0290615362075622,0.022468619801871,0.00455851136871402,0.0153141290251181,0.282767805521223,0.692153061291535,0.974920866812758,"42"
"43",1,136,0.640092489971984,0.665807137092044,0.486377748238804,0.678808,0.886790843652929,0.781184217710753,0.387717524033459,0.528863853665707,0.00587836393746662,-0.00672800725543287,-0.0164482876753919,-0.00960550971987416,0.26239330398225,0.719714415781628,0.982107719763878,"43"
"44",1,130,0.601506303324058,0.65416900039036,0.425365424883468,0.681967,0.816952327539079,0.795100908337758,0.356697808920708,0.517458601760549,-0.0389453277841244,-0.0333861987910587,-0.0554449061105762,0.0138728415123891,0.256497397411284,0.689418450409325,0.945915847820609,"44"
"45",1,127,0.544926338533386,0.61249189390555,0.478683067505629,0.658678,0.827846484932901,0.668966723676455,0.36762665603981,0.461293235684405,0.0570391330697265,0.00428707221165547,-0.00681122571605832,0.0188573222578093,0.280602827847193,0.680145640287679,0.960748468134872,"45"
"46",1,129,0.588901757978817,0.618309279686161,0.517795267407821,0.675351,0.736667033291799,0.811884222290989,0.389548442611216,0.490111392937494,0.0308612362291306,0.0116024098457087,-0.0079882707633163,0.0261808057672662,0.271553380845848,0.700354743494707,0.971908124340555,"46"
"47",1,127,0.600002033191887,0.620174405816769,0.523987008345178,0.696398,0.684072776050522,0.809020832268211,0.408253442356373,0.493808816498846,-0.0200083770366162,0.00761452789338699,0.00394756968695779,-0.00799236582104349,0.268675479094855,0.712858718007894,0.981534197102749,"47"
"48",1,130,0.617003388442652,0.644069500931819,0.500069196431194,0.680599,0.7300824391499,0.785387037007246,0.405852314508642,0.510266442095519,0.0313254264246988,0.0246038762526074,0.0189403130218971,-0.0231030151011045,0.272984851853611,0.707550118079715,0.980534969933327,"48"
"49",1,130,0.696721676127362,0.69147606606491,0.521691230895638,0.660501,0.8001572014179,0.887376022908932,0.461059522695725,0.581963535114204,0.0760745405960587,-0.0157911969558345,0.0111988045239556,-0.0188530674948367,0.22962890366597,0.718958826487093,0.948587730153063,"49"
"50",1,145,0.586040629814016,0.630950920653035,0.491255807950286,0.6783,0.761224102799245,0.802618708160944,0.418305010030053,0.497787364128465,-0.00880203188662445,0.0135531709145611,0.00368326743368732,0.0617089201203536,0.272109192401723,0.706647769059626,0.978756961461349,"50"
"51",1,125,0.584566388503284,0.638239342321311,0.493392853602373,0.672698,0.827202480712954,0.736605826340077,0.403822576621576,0.486791863381877,0.017212134623362,-0.0143850803675619,0.00198783501782554,0.0088576612175929,0.269254814479715,0.706114273366781,0.975369087846496,"51"
"52",1,142,0.594807808463531,0.643582095216108,0.464902931572576,0.696835,0.770173732881071,0.761014065527936,0.393282341953964,0.502113149285988,0.0518255293368542,0.0388127259567995,0.0237862826146652,-0.00925250116003327,0.286255856565776,0.691537081727831,0.977792938293606,"52"
"53",1,139,0.61699226808663,0.649970802207244,0.507050267131931,0.683233,0.850362466307573,0.780143364261542,0.403669600848921,0.510790929611399,0.0201303653214854,0.00878637062292723,-0.0249866692133533,-0.00382279868081441,0.260907135136394,0.715495196868443,0.976402332004837,"53"
"-71",2,122,0.546327598192145,0.598959622158187,0.455679618855169,0.668382,0.68402545963372,0.743988528022903,0.37970473742274,0.476733875325004,0.0256121409701656,-0.0665382391936393,0.0396348805363205,0.0365610228667776,0.286041223623841,0.685873422914117,0.971914646537958,"-7"
"-61",2,134,0.54065680142149,0.612819075132115,0.404253264788425,0.641436,0.785661387742063,0.716367672197628,0.340560640475257,0.463067393638388,-0.0197764577977825,0.037995095526464,0.0182297692235436,0.0496499150811174,0.286125408857825,0.655275203417433,0.941400612275257,"-6"
"-51",2,135,0.563525192920744,0.615296804463971,0.465021291999718,0.683355,0.782950171316459,0.71785260769624,0.363629715160106,0.474485956166713,0.0109570377318176,-0.0320368644747056,-0.0101754560562965,-0.0115524551744196,0.263916148883059,0.68243526502844,0.946351413911499,"-5"
"-41",2,128,0.621040019521961,0.632949876068163,0.485743677239998,0.668331,0.734492318520887,0.819004281191099,0.379378990662648,0.513633844094211,-0.0179786325358849,-0.0103226433030744,0.00683195112577024,0.00991620021585946,0.26859388106056,0.711786099144763,0.980379980205323,"-4"
"-31",2,141,0.57435317728736,0.635106367945224,0.435538592224083,0.670203,0.853782381444046,0.728382390138213,0.3760609139437,0.487855640197171,0.0278633053256563,-0.00514883010475169,-0.0368390849566362,-0.00979811513846081,0.272757197910806,0.690183164697756,0.962940362608562,"-3"
"-21",2,127,0.587273834446313,0.641596959200109,0.444476899456904,0.642883,0.760302836826771,0.733680148376364,0.333176622371914,0.490256616064005,0.024681450678451,-0.00968946941858751,-0.0173946168510498,0.00969184543890625,0.280720648146976,0.697771661311244,0.97849230945822,"-2"
"-11",2,127,0.552955916740166,0.637628123261173,0.503561810156608,0.693242,0.79131905713098,0.687617456559871,0.399801956992753,0.482198335040462,0.07531968210002,-0.0123955357853437,-0.0330022015715642,0.0116441456062876,0.282604896722508,0.679682083886909,0.962286980609418,"-1"
"01",2,138,0.600644857980997,0.636378565706003,0.501270617792497,0.653837,0.766103357264828,0.786010596331582,0.412689433814176,0.495352704130707,0.0104327915278257,0.00326053905291425,0.00302648238873447,-0.00364469898336863,0.265559593778004,0.712993977700335,0.978553571478339,"0"
"110",2,128,0.541188945478324,0.593912904524983,0.426717913474641,0.687446,0.660211210130617,0.728368614999648,0.35596037800002,0.449252295044469,-0.0333281983257035,-0.0128087889914943,-0.0118693823327321,-0.00351723783872078,0.273587093270178,0.702902636589844,0.976489729860022,"1"
"210",2,137,0.617176314566217,0.642147190808361,0.553695412671022,0.647769,0.801259165012862,0.806884663939495,0.41266169655405,0.511063365560601,-0.0144463384914095,0.007377736576695,0.0245787617268187,0.0111882814443706,0.262268588251201,0.711987261047296,0.974255849298497,"2"
"310",2,128,0.645121042909213,0.66655968952593,0.520583561985066,0.661304,0.812030979886205,0.819002674458248,0.417270603461374,0.544590387938512,0.0647043747108845,0.0309381749044106,-0.0321094336790125,-0.00332768237098713,0.249016954821194,0.70749702115925,0.956513975980444,"3"
"410",2,144,0.621478509351345,0.659296411638181,0.464360668691305,0.674969,0.920047994292852,0.783175534631044,0.395715387522092,0.519699684606141,0.0479094954872493,-0.0122298064498713,-0.0237672280158413,-0.00101131922630839,0.266703303092474,0.710162900639933,0.976866203732406,"4"
"54",2,134,0.626006105493979,0.656290113898111,0.475467853449056,0.664247,0.807535342326684,0.803622185091626,0.400014891790525,0.516828762810359,0.0107480125126359,-0.0119953199763307,0.000662647739388971,-0.0199178726652366,0.259647742666586,0.719896324095068,0.979544066761654,"5"
"61",2,128,0.604050197851374,0.63492785017447,0.594391360667297,0.689782,0.778510551866272,0.827037102592735,0.414168211074684,0.511427291892774,0.0145440402059189,-0.0233415518748856,0.0579421643938227,0.022870553877275,0.270228455164608,0.700835405138739,0.971063860303347,"6"
"71",2,117,0.570505487771563,0.622874238052767,0.531251092176631,0.72157,0.818982821320685,0.701861737016187,0.390093121398311,0.474666647428141,0.0140836417800452,-0.0168258768751092,0.0115056304300232,-0.00124242113587257,0.272258559075321,0.702855597782183,0.975114156857504,"7"
"81",2,140,0.582239526254348,0.625944746390243,0.413595237453481,0.669565,0.791950766213465,0.743064253029981,0.355401806182836,0.485400268408379,0.00637995852589764,0.00476438478954783,-0.0230320079118606,0.0338075598888675,0.278927052635205,0.697283669690628,0.976210722325833,"8"
"91",2,117,0.577694532378503,0.609408086916237,0.520365035846351,0.65991,0.663121792344589,0.805571800199081,0.407871351608084,0.483254800715917,-0.00880322264190095,-0.0276644040416422,-0.0292573253563964,0.00929554091893586,0.271267177204274,0.699124026368567,0.97039120357284,"9"
"101",2,141,0.611803904416845,0.642888508572865,0.571028300993139,0.660172,0.827241870559654,0.851963559458044,0.477189721117487,0.509490642404764,0.00620065955818136,0.0186101144071628,-0.0378907904306084,0.000701355633786148,0.27424800382927,0.67845512117073,0.952703124999999,"10"
"111",2,128,0.601001467365223,0.644487861794215,0.599691051112636,0.647502,0.850487709895489,0.764812113994671,0.48014981650819,0.50601607175549,0.0755704821305485,-0.00991912259527823,0.0249434948503094,-0.0324494072781624,0.264336127217455,0.715324690349451,0.979660817566906,"11"
"121",2,137,0.559185976788156,0.600115701117275,0.438235629578074,0.655548,0.756546955842752,0.749448280082656,0.366233754797876,0.462209540791531,0.00124136863512884,0.00409653603381625,0.0157559742347998,0.0140935507824026,0.297415067526064,0.681881582100255,0.979296649626319,"12"
"131",2,145,0.592952012630175,0.631568284089644,0.410997203685535,0.601313,0.819461376495287,0.78126012373395,0.365583591721887,0.500539032492093,-0.0348629177217523,0.0130694417147087,-0.0555120589795832,-0.00212088329249024,0.28654218247055,0.696515687277725,0.983057869748275,"13"
"141",2,128,0.628156581572206,0.648256342286715,0.499893114848186,0.677264,0.749107205205433,0.798446803855313,0.412366947988627,0.517033784930563,-0.00800269587475487,0.0152752730211428,0.0155653283695959,-0.0175108191128317,0.270300266674356,0.700908348322092,0.971208614996448,"14"
"151",2,119,0.625510039022435,0.652185630601397,0.508618985072824,0.647446,0.729221620624766,0.77111069037836,0.398239664565869,0.513853560891146,0.00301870132551715,0.00542898179096914,0.00673615995848123,-0.02192889429368,0.25516904386196,0.715689179200422,0.970858223062382,"15"
"161",2,132,0.605137070053385,0.641403566076512,0.503317336607535,0.662219,0.812966118314506,0.794213596892151,0.387002104600575,0.501940970515984,-0.0363039393419119,-0.00578327510585473,0.013402249574828,0.0111491444789886,0.277122307821068,0.704583491406109,0.981705799227177,"16"
"171",2,115,0.595217469429705,0.644495719562988,0.466097018349511,0.688454,0.69674821261933,0.761176147752108,0.393847584414239,0.498111174971081,-0.00208299968586327,-0.0250170455263179,0.0294456266929889,-0.00456408640235481,0.275493335472885,0.697872900555565,0.973366236028451,"17"
"181",2,128,0.556301340725953,0.607547364125669,0.500357061491877,0.65531,0.727903946018446,0.733233442620807,0.386010144211151,0.461473821841692,0.0210003515539984,0.00943517024974523,-0.00610640856188705,-0.0119038962590402,0.283778582238008,0.677913126895712,0.96169170913372,"18"
"191",2,116,0.567192400940555,0.608156397928867,0.487915128034074,0.651697,0.684992247566573,0.763147795016101,0.402874725602167,0.470271877884836,-0.0184175984199196,-0.00995580295128229,-0.0185909242319423,0.0139923265272273,0.275072932241321,0.703589675246794,0.978662607488116,"19"
"201",2,138,0.595017843284358,0.635133743912752,0.505798286971073,0.683435,0.778693619395283,0.810058091071255,0.410958475414628,0.502201819306967,0.0170844488164093,0.0335878279443763,0.0396497906539214,-0.0550381170613603,0.287374492227737,0.679280034307121,0.966654526534859,"20"
"211",2,145,0.575302607253303,0.62281610825553,0.491171030712497,0.65997,0.777890401058042,0.738180373364191,0.423349055965429,0.475360937686118,-0.00511733642402347,0.00184286784916802,0.0306154201701888,-0.00711522853021969,0.271628463732072,0.708384389038354,0.980012852770426,"21"
"221",2,148,0.633492350491879,0.657682108013259,0.416025662761144,0.648617,0.820050485901145,0.768449052371654,0.372957231153278,0.521861371586416,0.00351547082212355,0.0199257199117937,-0.00521499439656977,-0.0371602857589932,0.255516708729584,0.723239284708913,0.978755993438497,"22"
"231",2,132,0.590360783721718,0.619896638380275,0.447640806038991,0.663779,0.754672547220195,0.786836678084873,0.369441025038187,0.488197827926375,-0.0214996471781683,-0.00240473896151774,0.0266812785406959,-9.28496183338825e-05,0.274119827240011,0.709828750754817,0.983948577994828,"23"
"241",2,131,0.625254522877478,0.642569130867975,0.57769843997074,0.688752,0.759646856063121,0.821521616998596,0.458053314574325,0.519306089727685,-0.00414152204570442,-0.0214991053463436,0.0286234693138266,0.0197661920725101,0.260342420916042,0.718647142252042,0.978989563168084,"24"
"251",2,143,0.59090069066253,0.643770739814981,0.481274209045411,0.672867,0.879273609571558,0.811012985946532,0.398539316221928,0.510944983870612,-0.0198639306539306,0.0585346452224022,0.0677969752860343,0.0065913833602236,0.283802286772329,0.655955107036751,0.939757393809079,"25"
"261",2,123,0.545367411014265,0.60521988073721,0.516561851791273,0.680335,0.820094149662563,0.720962157730229,0.399705676943198,0.459829386849461,0.0282901785757955,-0.0214290355444604,-0.0193117614764629,-0.00439458338443702,0.292655388599029,0.690173387442636,0.982828776041666,"26"
"271",2,131,0.624573076741309,0.664113505747089,0.481970970796704,0.695075,0.810497288922229,0.807156787058898,0.398993952019264,0.520742465344639,-0.0321733077441607,0.0396046703059964,-0.00714335532989701,0.00482931469196933,0.27367150136188,0.701242547935945,0.974914049297826,"27"
"281",2,139,0.585881816590308,0.632057069070473,0.570508368224843,0.690425,0.80742287156842,0.740511445634674,0.459670736653945,0.482125222079875,-0.0176694954826666,0.0212327601900245,0.000696905143158775,-0.011976952724193,0.266868001441633,0.704289870825425,0.971157872267058,"28"
"291",2,139,0.596928963526172,0.627040804812581,0.461863827531968,0.673724,0.821674800818083,0.804282825535523,0.373569308298733,0.495777221031326,-0.0312979327859404,0.00565036542235736,0.0162895307516408,0.0205725760180226,0.281628490111488,0.697498719614436,0.979127209725924,"29"
"301",2,145,0.590194152268001,0.62069238125424,0.483802242146914,0.686977,0.677817213282464,0.825354702859153,0.439291897447416,0.497001761950662,-0.0645417690397993,-0.010747809992556,-0.0170450163031697,0.00608357020618098,0.274871209916762,0.686732148246127,0.961603358162888,"30"
"311",2,124,0.632118666318069,0.644419577275444,0.515613232360087,0.693468,0.771357746013057,0.839074259997504,0.404435152980881,0.520558179433201,0.0110471960307394,0.0169018010704368,-0.00621094377005793,0.00221525049287839,0.277436963574982,0.704237218411374,0.981674181986356,"31"
"321",2,125,0.602808470392762,0.634478042496767,0.513817731631663,0.688686,0.803283706637911,0.780026602248453,0.405499973710237,0.500500510039768,0.0213033965098453,0.0103808230579915,-0.0214050950711647,0.00887274444374128,0.271270752143657,0.707559575212227,0.978830327355884,"32"
"331",2,124,0.620508704508245,0.648927784807287,0.556982963060394,0.671956,0.811515192400158,0.779684368696753,0.431137989250746,0.511999380783509,-0.0103114125855837,0.0152445979046439,0.00736391766642186,0.00264070697069301,0.255353237790503,0.716470047575116,0.971823285365619,"33"
"341",2,124,0.619071398680996,0.647979498541465,0.516127417824633,0.665124,0.827378348942231,0.794058293885614,0.43910782902648,0.514987141551613,0.0183149403672553,0.074745871183611,-0.0109622002943229,-0.00919908434066342,0.266944793926822,0.710683605488097,0.977628399414919,"34"
"351",2,127,0.558274172495475,0.61797319963714,0.519619779629481,0.660669,0.770063124991046,0.749405568592545,0.415466484657247,0.472560042362786,-0.00595092226726489,0.0313541316474495,0.0609895765679294,0.00386721315876962,0.292276503887518,0.685046973980083,0.977323477867601,"35"
"361",2,123,0.566260741902926,0.611818193208536,0.468935547350349,0.664945,0.675047811014925,0.757710540214132,0.386071448795277,0.471734330138229,0.0346094040737665,0.0173358335870774,0.0105524179711469,-0.0246251480901246,0.29064382756476,0.681816200030402,0.972460027595162,"36"
"371",2,146,0.554532821495416,0.613286078347589,0.442213777313801,0.702573,0.855177859144748,0.743063547371145,0.343911874103723,0.470306887625645,0.0143186450768945,-0.00684986823314125,-0.0257258861928913,0.040785508955475,0.291066052713346,0.684582027799598,0.975648080512944,"37"
"381",2,134,0.589897403748259,0.635030884615601,0.518357388347538,0.674766,0.819343434360197,0.738250589170809,0.415672898679313,0.48476829081648,0.0273606098037601,0.0184873041253785,-0.00838620603621374,-0.0062889521318817,0.265249428171714,0.706862786089002,0.972112214260716,"38"
"391",2,134,0.623117037790342,0.638436990794731,0.498924455855902,0.696771,0.71051415988244,0.831365463334215,0.421936938189086,0.514570623150853,0.0151338465453413,0.00147634588423165,-0.00316530135270132,-0.00799274615159887,0.263780774300427,0.720892878016199,0.984673652316626,"39"
"401",2,129,0.594932764119582,0.629125641508997,0.494994343172731,0.680603,0.74893829295046,0.789109624101788,0.405537034352692,0.49429682447949,-0.0399860865017338,-0.00355039943458524,-0.02446469275095,-0.00403356793871234,0.261669069160824,0.708319487811197,0.96998855697202,"40"
"411",2,126,0.603425458860397,0.63518197986009,0.502256477416305,0.696137,0.765214771145257,0.789378292201535,0.406680246972066,0.50324904551419,0.0527491377044139,0.0213746715990666,-0.00231370513855644,0.00662975411797089,0.273373226394563,0.702010131331266,0.975383357725829,"41"
"421",2,135,0.634891869617563,0.661032241595313,0.508332205393578,0.703056,0.807854630428698,0.794607415002083,0.383847976847644,0.530338790626173,-0.035293425234491,0.0348525612658851,-0.0337257586896963,-0.00822030234954481,0.25763303710577,0.719867453679439,0.977500490785208,"42"
"431",2,131,0.612658663197704,0.651568240983647,0.484739641491092,0.681863,0.869398340305728,0.757002885267082,0.394062863970251,0.510213027677717,0.0131602362132986,0.0235381896485205,-0.00985056853839481,0.0327620722557339,0.266946343450367,0.711816288116298,0.978762631566665,"43"
"441",2,128,0.619262007783301,0.641776988377464,0.483622019437672,0.667428,0.736179015622818,0.810908551569542,0.409285486125054,0.512750565330754,-0.042285089410634,0.00997686483199499,0.0145141908714932,-0.0225678166047689,0.25888478042227,0.715014922791774,0.973899703214044,"44"
"451",2,124,0.574994054651122,0.633463920061608,0.464531513558134,0.649125,0.775484886665501,0.700238796269315,0.378132700018578,0.476722250126309,0.00894903615222128,-0.00650445500109214,-0.00859010674121155,-0.00355709844267744,0.287331461485647,0.690457000052814,0.977788461538461,"45"
"461",2,122,0.631800812558791,0.662397932163265,0.46554260036581,0.626636,0.818719184037609,0.784002869400322,0.376800365369444,0.523458071799355,-0.0405007345621641,0.00865846408148777,-0.0161840866106917,0.00473165036591487,0.254740162648866,0.715412797351135,0.970152960000001,"46"
"471",2,121,0.524375082021493,0.601689134903484,0.513717092736743,0.642193,0.783771139245593,0.672884127260749,0.386685543709881,0.44038154967825,0.0174465383201474,-0.0288550426890991,-0.0138791046441074,-0.0116239243175438,0.285295745345052,0.690427161033349,0.975722906378401,"47"
"481",2,128,0.59490771993984,0.638920550563995,0.455562434717714,0.663068,0.790625242732086,0.804656226037092,0.403578795737009,0.507076739683564,-0.0753311943922707,0.0397062855821314,0.0124600204627138,0.0141747212296997,0.270302525553187,0.700967590698064,0.971270116251251,"48"
"491",2,118,0.674505471162275,0.690059286705502,0.465147945969918,0.692588,0.872386147426895,0.847199078084046,0.369469088528284,0.568946882456527,0.0550083071124208,0.0550380853693562,-0.0532800710466509,-0.0340805334109953,0.250289886121007,0.720698568627543,0.97098845474855,"49"
"501",2,132,0.629815221966266,0.650751054938732,0.501080074711334,0.650917,0.771916222214562,0.818695410670937,0.430173993486536,0.519733969654411,0.00474722443084482,0.0105742448444747,0.0284175076514586,-0.0059489758909636,0.263210369130946,0.713769416838137,0.976979785969083,"50"
"511",2,136,0.626399844230577,0.652997744864593,0.497844092698427,0.655942,0.786098383072638,0.804479759145314,0.41957047626355,0.515745189028713,-0.0154603294020569,0.0303325959819084,0.00325748187904723,-0.00104667275610046,0.270309991470578,0.698255795606841,0.968565787077419,"51"
"521",2,138,0.618622975585392,0.647310218031848,0.541958370899929,0.672514,0.73998158933967,0.775947132531776,0.426131057077915,0.513008767018971,0.0220295606656086,0.033418109784173,0.0149529065671762,0.0182913834406184,0.26312068917378,0.718203806065201,0.98132449523898,"52"
"531",2,118,0.607167007182407,0.644682361458212,0.500360297092815,0.663776,0.742703131325934,0.788640409397702,0.403516569234189,0.501071720348645,0.00860569628511288,0.0110479059084233,-0.00827011320428751,-0.00743573152752776,0.279010678719367,0.695906983741353,0.97491766246072,"53"
"-72",3,139,0.617747487536814,0.642590324467258,0.491523292413974,0.697259,0.75993245738,0.816539309705133,0.417047452710004,0.514371440596724,-0.00321024366892642,-0.0111238664682498,0.0256027898548942,-0.044909588878823,0.264614109689856,0.718144510999801,0.982758620689657,"-7"
"-62",3,145,0.561015029600339,0.621128130365265,0.512126299961096,0.649831,0.84905879907009,0.717366864412123,0.39722252902171,0.466847208736285,0.010604603933951,0.0173278416752813,0.025407691677043,0.00093096761253941,0.267756690265697,0.685306930844167,0.953063621109864,"-6"
"-52",3,132,0.604366531427873,0.636977493941008,0.476874168958657,0.654263,0.776599030226108,0.776251041612493,0.373300057819737,0.503361138149721,0.0338122868938669,-0.00749710641297143,0.0106254032997577,0.00982666250404171,0.267522154509779,0.707542400159353,0.975064554669132,"-5"
"-42",3,133,0.608190145988283,0.650058025924298,0.541473384174383,0.675839,0.846420520614655,0.836465180979747,0.457187039314122,0.519781472586272,0.0370742443836811,-0.0213239298309749,0.0690828096100691,-0.00423327367358698,0.268157883802994,0.675836209262643,0.943994093065636,"-4"
"-32",3,128,0.58853803777534,0.62735806135582,0.470703353160722,0.695559,0.780873040986064,0.773127488072179,0.37143554138044,0.491170974612448,0.0108146060010324,-0.00795712090704646,-0.0257405158268557,0.00978082709226026,0.281659582089289,0.699849203747679,0.981508785836967,"-3"
"-22",3,122,0.523402163173176,0.59279407723487,0.452944727584886,0.629843,0.731075092540075,0.708509007881637,0.352946067675962,0.452937264380114,0.0171554656935873,-0.0219393214727996,-0.0581851855677063,0.0165581536317079,0.287464526723651,0.674450188551843,0.961914715275494,"-2"
"-12",3,130,0.589638203976462,0.631339995554255,0.537752867406243,0.658919,0.75764571357398,0.801167233508573,0.413040086831698,0.491686673592744,-0.0255914227944198,0.0230246442371234,-0.019293345286885,0.0243015075894779,0.276652270649119,0.700787871781927,0.977440142431046,"-1"
"02",3,138,0.628670172067886,0.653511815217213,0.445892980802293,0.687319,0.787537181688652,0.794188028765003,0.382208486568049,0.519555755074699,-0.0277284397597237,-0.00555354079693683,-0.00553487681740482,-0.0207025356413674,0.257696961076664,0.720005314327888,0.977702275404552,"0"
"112",3,119,0.597909716430366,0.656044098587346,0.48120477669238,0.65899,0.792129687449014,0.709781590622139,0.404018263493652,0.495034962738586,0.0166043976233361,0.0471457266257465,-0.0122622131004129,-0.00992403778269831,0.265415047865195,0.696129385903886,0.961544433769081,"1"
"212",3,138,0.600909033653187,0.628993973179662,0.514024864425253,0.696623,0.768060881832708,0.814489628205797,0.411391465447484,0.496639238023765,0.0162025202194496,0.012590051158376,-0.0122355927498359,-0.00410504781750261,0.27497191872708,0.706085745276099,0.981057664003179,"2"
"312",3,139,0.634704221520485,0.655815735779772,0.482419664087936,0.682367,0.856046258462788,0.784223197570889,0.396559110533096,0.5286193600385,0.0584459524202613,0.00674074521180145,0.0159283197053887,-0.00534754832508883,0.263903257567676,0.715176563709946,0.979079821277622,"3"
"412",3,134,0.624276598581414,0.658749693072173,0.52929722273707,0.666804,0.818350886714467,0.777762051435671,0.407489668028962,0.516353856790095,0.00791862649100889,0.0420737609413105,0.012224506709935,-0.0126403428806447,0.255623420734067,0.719744944104041,0.975368364838108,"4"
"55",3,122,0.599265433685793,0.634400639163526,0.507295314786479,0.691633,0.711448833508719,0.79103251563342,0.40326185093818,0.4972248538827,0.0264536047416073,-0.000444526503295106,0.0158387405386218,-0.00879646143677289,0.275783638097117,0.702631934560193,0.97841557265731,"5"
"62",3,127,0.642836153186839,0.663749296771684,0.518900365179299,0.671781,0.762402526422964,0.827812237933038,0.391275178808382,0.541666230758369,-0.0783668508272899,0.0200826689981373,-0.00652813797898525,-0.0403523030998221,0.253241773783855,0.718548669509178,0.971790443293034,"6"
"72",3,130,0.574609008755341,0.620460750330543,0.497691364241719,0.671408,0.784033325215091,0.76951059893347,0.380306589338438,0.476254732667001,-0.0288663879131702,0.0321513977293406,-0.000822035446851275,0.0118147560072538,0.281970181840884,0.696271197345302,0.978241379186186,"7"
"82",3,129,0.608713004136096,0.644562291842917,0.578999881170161,0.717514,0.808526006957644,0.798471297861751,0.406863750991104,0.50768701796298,-0.02754031472109,0.020690039728505,0.0402400864262235,-0.0143511304521641,0.266420753716178,0.71366067345033,0.980081427166508,"8"
"92",3,129,0.588048435145464,0.630028427240723,0.466950286097492,0.638806,0.729523455981372,0.776222470912687,0.390689939634248,0.488748453840933,-0.0330528545267448,-0.00114033804515882,-0.00395068833228699,0.00269563739186528,0.254987370465415,0.712076639538146,0.967064010003561,"9"
"102",3,142,0.513965165677682,0.576707059140455,0.437837314401107,0.694934,0.757626595794185,0.728426554394779,0.380323089330809,0.433579291910054,-0.0060170989504089,-0.042368125454526,0.0146250654132622,0.00208904281716172,0.299121477380329,0.676917702295215,0.976039179675545,"10"
"113",3,121,0.580762443052081,0.623781953201662,0.524530858905744,0.64983,0.821090206332765,0.770166622260643,0.421685856235804,0.48521818004414,0.0231397362417991,0.0445353919860818,-0.0224921754948536,0.0148324988355346,0.282162126975447,0.692203672250612,0.97436579922606,"11"
"122",3,126,0.587498012557036,0.616347688028184,0.52025115153904,0.650346,0.735668019347499,0.779013602576438,0.418219291277194,0.483420052988621,0.0149347062988865,0.0199656041282277,0.0119049249465382,-0.0116088214457844,0.27614426572114,0.703799397372214,0.979943663093355,"12"
"132",3,129,0.579739564845428,0.638866691507378,0.51132038524798,0.709741,0.849369884821183,0.71648883297574,0.380049880084613,0.483744013699863,0.0279504716037346,0.00459600412172309,-0.0154607616932083,0.0203413813001095,0.268082660843171,0.704447581092315,0.972530241935486,"13"
"142",3,132,0.590976059088543,0.641148448691805,0.469630052554072,0.656193,0.841453273828224,0.724224662256459,0.386336989944554,0.495191111217639,-0.0615690434143563,-0.016786794444588,0.028697351226426,-0.0121449043924788,0.265374216851526,0.710322920729269,0.975697137580795,"14"
"152",3,122,0.581439472543059,0.628399897913379,0.447682967717566,0.691011,0.706054352344563,0.735413940293383,0.365442937139882,0.482343770530451,-0.0256356188159649,0.0164873226401062,0.0333566703307106,0.00319271855849277,0.278576691825729,0.69677854438014,0.975355236205869,"15"
"162",3,126,0.592222405611581,0.631766456237608,0.53085429140217,0.655641,0.747918445548425,0.807383081881841,0.42842794003022,0.506124109646723,-0.0375687565746064,0.0602493401403367,0.0566836321282634,0.0341039487001519,0.275190116996479,0.697490671900526,0.972680788897004,"16"
"172",3,126,0.619871510811496,0.647470485750631,0.498984525163903,0.700637,0.736539344628195,0.794883869792008,0.391919886549076,0.514700212613463,-0.029070652774191,-0.0171565617483765,-0.0167179881340864,-0.0152497734997947,0.263251468310641,0.720249609802626,0.983501078113267,"17"
"182",3,136,0.576934491130227,0.635856530053657,0.487994894209801,0.679505,0.874519726169192,0.717931175744378,0.385768182501151,0.479280727665101,0.0145787775804598,0.036423754380753,-0.00127310989931958,0.00149541204537005,0.281727420924216,0.694255245091409,0.975982666015625,"18"
"192",3,150,0.637868963359877,0.656719964139374,0.411277130848055,0.684967,0.862951976314137,0.809585448997886,0.368430402020048,0.529752026824068,-0.0441964975324889,0.0154486888008424,-0.0147587681716206,0.00841439217101148,0.262079248803424,0.720776104004156,0.98285535280758,"19"
"202",3,131,0.608151544055896,0.639425032879657,0.504842842998703,0.690778,0.73806825339939,0.791161391941451,0.362681092055944,0.508025057949747,0.0519605142665321,0.0100071888312388,-0.0333733785014377,-0.00313981260713169,0.268060743517086,0.704886988099047,0.972947731616133,"20"
"213",3,138,0.647973614304371,0.666772793849548,0.553667520753561,0.704676,0.811268603058554,0.804959327711332,0.445706570814482,0.547241574913756,0.072710778435677,0.0117571444012334,-0.0232316363904527,0.0132868371869529,0.254709032116355,0.724253293722384,0.978962325838739,"21"
"222",3,139,0.623351503786074,0.653112769788741,0.476847561200706,0.695514,0.797584539918226,0.796769405913948,0.406031726075942,0.525343684502918,0.0498226281752169,0.0221113324396645,0.038636943331093,0.0257587945465993,0.274046346566849,0.704370428010251,0.9784167745771,"22"
"232",3,130,0.598573071462524,0.6468431878601,0.553880035457201,0.65071,0.847114422959794,0.730931530402825,0.465373659961856,0.4961614259085,0.0309493926433781,0.00344689670859032,-0.0110485004484292,-0.0231708900606304,0.265766671485052,0.706751606410552,0.972518277895603,"23"
"242",3,129,0.562569153537842,0.603829008797934,0.505947623119699,0.675351,0.663911540014151,0.799922636462742,0.4212400924355,0.472303565982392,-0.0300550655139635,-0.0261716638947483,0.0336401548757878,-0.00627123251633319,0.289033837981328,0.67685795750024,0.965891795481568,"24"
"252",3,125,0.521376821925444,0.591830620177543,0.445568769585702,0.671655,0.725944614876747,0.710969029393244,0.348261914561246,0.446348798239242,0.0167131768378695,-0.0442157742526545,0.0174970208059104,0.0140378071170261,0.314291841380969,0.634330042415786,0.948621883796754,"25"
"262",3,119,0.625832728737549,0.648779429939341,0.462901438833144,0.686506,0.768663456605121,0.807826633908825,0.35781427101242,0.523702940289831,0.0137638123359668,0.00518306451327346,-0.0526274952486891,-0.00913109798116843,0.271300928885237,0.706061736217334,0.977362665102571,"26"
"272",3,137,0.586623854952013,0.628952466971251,0.486356211219843,0.667488,0.781210041297212,0.749121900505905,0.40498939921409,0.483482311746504,-0.00747820781832082,0.0243759882800882,0.0037607051461232,0.00739047892613932,0.286507099005181,0.698974834067088,0.98548193307227,"27"
"282",3,112,0.572529945590651,0.617432776220724,0.459511743593912,0.697003,0.718952458184707,0.752261482251406,0.373273604592883,0.482748256791735,-0.065185294207352,0.0154763748705416,-0.0425519241518316,0.00968108215629264,0.278367752272838,0.701468488927039,0.979836241199877,"28"
"292",3,121,0.596056071518854,0.618971159041081,0.473037225001719,0.644944,0.654918039826206,0.786305007662182,0.376759364910337,0.494132240477493,-0.0375931003345767,0.00854994818094955,-0.0139822546146724,-0.00166696468868254,0.291360473960749,0.690113944909982,0.98147441887073,"29"
"302",3,133,0.571865588981298,0.611568502079797,0.590157248605105,0.673404,0.739085157591262,0.818669810920615,0.443950927651684,0.481488140161033,-0.028546148907279,0.0129109697623427,0.0248610426307145,0.040010228188747,0.276722954267071,0.691717458935246,0.968440413202317,"30"
"313",3,133,0.599569299589549,0.640083564001036,0.505085504842559,0.694215,0.841684923874819,0.800940982754451,0.418324595942386,0.506426270331976,0.0478248749543433,0.0143039731094806,0.0324768295860457,0.0273193662216762,0.264063916352334,0.706521032402634,0.970584948754968,"31"
"322",3,131,0.549556400334726,0.610583207003825,0.494965748067527,0.63952,0.760503426615457,0.746242386195752,0.407930549921968,0.473499718905863,0.056539805254459,-0.0049885778045353,-0.0480306815789492,0.0143176376772855,0.273934294722377,0.673076686464468,0.947010981186844,"32"
"332",3,134,0.610715989936101,0.640875090221798,0.450272097182192,0.643131,0.815301854203212,0.781965308596873,0.369354185170301,0.510090180634516,-0.025339207392642,-0.0131719872406591,-0.0102055708484274,0.0354289158635385,0.268366977135125,0.707030141839566,0.975397118974691,"33"
"342",3,129,0.557271578265926,0.604587005391563,0.497845484869176,0.647206,0.759806566020791,0.76592531764377,0.417567954527718,0.462687046500222,-0.0137279058873307,-0.00332688228041889,0.0174260396344184,0.0191183934152888,0.275753756672628,0.702174114387424,0.977927871060052,"34"
"352",3,120,0.567220810036904,0.627570487035166,0.399044191738282,0.673602,0.747209973906164,0.750313442499544,0.323824823683743,0.49168910026604,0.0126258426982181,-0.0293397005969199,-0.0328761018389117,0.0620020818777911,0.273064235269501,0.664999191264558,0.938063426534059,"35"
"362",3,145,0.600811825567599,0.637453360640746,0.464825324578654,0.686671,0.805541637405173,0.753581158759335,0.392365743117083,0.494329864910121,0.00767786646547457,0.0130833324154192,-0.00427942553341201,0.00439887371059112,0.266842361439222,0.706051828318921,0.972894189758143,"36"
"372",3,153,0.57185663896209,0.621195158814393,0.439767671598097,0.684313,0.783257505763641,0.725679546459491,0.374249356353984,0.478268828640013,0.0419019451333432,-0.00782398273476752,-0.0135485988153796,0.00870207756259968,0.285456795717482,0.697979651563762,0.983436447281244,"37"
"382",3,129,0.643624863544446,0.667326657457749,0.457755985763579,0.686651,0.810024166502554,0.798297220879189,0.394960810755438,0.53076632665335,0.0160661429433632,0.0246299161646201,0.00919894375041019,0.000224684041181255,0.25782700647016,0.727056525710669,0.984883532180829,"38"
"392",3,123,0.597296049786553,0.626621109844007,0.5300037364746,0.663618,0.701373584639439,0.784681047369153,0.461821780693962,0.494848490448459,-0.0455959580037252,-0.00413378716714903,-0.00233199103663399,-0.0255838577643058,0.278328225779794,0.698941474257501,0.977269700037296,"39"
"402",3,134,0.580678189113704,0.619568637346985,0.448059128044792,0.659527,0.810203131830291,0.784529090941162,0.372960791292412,0.482471772716297,-0.0421547889935764,0.0187294334155254,-0.0180774330034056,-0.00438416308237822,0.269245760177656,0.704166230039808,0.973411990217464,"40"
"413",3,129,0.593867786703041,0.627160636429838,0.462907889476638,0.670482,0.687668644867726,0.783295127262034,0.414112339781126,0.498064986040548,-0.0549860912975721,-0.0382586310128014,0.00920795377613439,-0.0234331864002569,0.254862875459911,0.720811074019062,0.975673949478973,"41"
"422",3,138,0.614342472905369,0.649085743572006,0.485874821963752,0.643248,0.831920432139221,0.788441103154591,0.404126433114295,0.519765827698366,0.0846882660988686,0.0173392960147797,-0.00413659790707388,-0.00116965525472168,0.266439143247358,0.709328189984631,0.975767333231989,"42"
"432",3,132,0.600495623257281,0.6422497198192,0.478717064646306,0.678912,0.725905088966616,0.770304787070449,0.367863558668363,0.501247057214163,0.0353141601478553,-0.0164633491914598,0.00152896012854273,0.00158669194881494,0.259961176941075,0.716332058492399,0.976293235433474,"43"
"442",3,129,0.645044119299285,0.667606615023764,0.488195463002334,0.643672,0.801121690522381,0.806921954485665,0.403216020423956,0.539734027245514,0.042622668364796,0.0144293731931198,-0.0398149493069534,0.0215377190948638,0.254702023067677,0.718636180000255,0.973338203067932,"44"
"452",3,134,0.630471702682395,0.65875140827415,0.504467297496378,0.681408,0.824089129588385,0.801307776655415,0.407702778606721,0.524121075450559,0.0191044337919055,-0.00787482573311375,0.0126596588306974,-0.0525735022469289,0.258903238258735,0.722187607263086,0.981090845521821,"45"
"462",3,131,0.599607107155985,0.638766355653915,0.497787863402441,0.663623,0.814282045599677,0.783713946038521,0.40372454250417,0.499507079486708,0.0363207568975971,0.0348702690500817,0.0241010540774709,-0.0128006364495149,0.277102382655725,0.705661531207703,0.982763913863428,"46"
"472",3,127,0.630372815562486,0.653808536231718,0.558032778700158,0.666693,0.851449071925643,0.813798421384329,0.47065248712524,0.523667421313917,-0.00569012186226435,0.0148528861339564,-0.0402580064435676,-0.0248612311500941,0.254193487959143,0.724315341917107,0.978508829876251,"47"
"482",3,118,0.603906217433191,0.632800000536469,0.52625773613518,0.681055,0.755739729994058,0.829330557664551,0.435961134217781,0.508306312980073,-0.0717924811293816,0.0202853879335907,-0.00778925684513607,-0.0132866881387614,0.257254867376014,0.716182210299974,0.973437077675988,"48"
"492",3,124,0.52488080510901,0.594535123413728,0.444781400439103,0.648184,0.705720300794181,0.702039958994455,0.350586926476811,0.438425202822184,0.0136592519414168,-0.0195550214151082,0.00359485112168072,0.0163807057570221,0.301609891369929,0.674719090213321,0.97632898158325,"49"
"502",3,131,0.613880245129649,0.649794426512532,0.498999713193477,0.652338,0.872293319426179,0.736540259734312,0.419129078417032,0.506037953084267,-0.0363034010873015,-0.0140790714806041,-0.011281926816541,-0.02644617557739,0.239547552049163,0.729547365696328,0.969094917745491,"50"
"512",3,116,0.617480223917584,0.650191834579833,0.535866440334655,0.6712,0.752200620409197,0.765380157768905,0.392868345615119,0.513067511790556,-0.0484034006057248,0.0175048625932701,-0.0386617285616859,-0.0309378544224313,0.256504231434261,0.717078535005647,0.973582766439908,"51"
"522",3,139,0.565153631580054,0.625861170791816,0.483483568943514,0.668121,0.866259857210601,0.731616994428778,0.381147659379056,0.480963841830039,0.0371785604126285,-0.0433750944008112,-0.00935453767256522,-0.0140730565870418,0.277463254416211,0.681585752051943,0.959049006468154,"52"
"532",3,138,0.643330918319991,0.666693083525667,0.513860594701127,0.674588,0.823384701472111,0.807837949581131,0.428605459055672,0.534840889409822,0.0183356038194357,0.00180384110947917,0.0455358150696209,0.00118369292474363,0.256830397900462,0.722239819481829,0.97907021738229,"53"
