"","time","msimpson","mraoQ","mfred","mfric","mfeve","mfspe","mfdis","mfdiv","mfori","mTaxRich","sd.simpson","sd.raoQ","sd.fred","sd.fric","sd.feve","sd.fspe","sd.fdis","sd.fdiv","sd.fori","sd.TaxRich","n.fric","se.simpson","se.raoQ","se.fred","se.fric","se.feve","se.fspe","se.fdis","se.fdiv","se.fori","se.TaxRich","lower.ci.simpson","upper.ci.simpson","lower.ci.raoQ","upper.ci.raoQ","lower.ci.fred","upper.ci.fred","lower.ci.fric","upper.ci.fric","lower.ci.feve","upper.ci.feve","lower.ci.fspe","upper.ci.fspe","lower.ci.fdis","upper.ci.fdis","lower.ci.fdiv","upper.ci.fdiv","lower.ci.fori","upper.ci.fori","lower.ci.TaxRich","upper.ci.TaxRich"
"1","-1",0.971913073779714,0.70037400182383,0.271539071955884,0.762109802690416,0.670036,0.500085619165659,0.593411609894876,0.765696830880508,0.421570374167051,127.333333333333,0.0083669635952006,0.0204881183382207,0.0143240720250354,0.0272528149328798,0.0201028610650325,0.0232536351121082,0.0424683111606362,0.0677128592868352,0.0270614234960124,2.51661147842358,3,0.00483066868398886,0.0118288206377606,0.00827000683954578,0.0157344200376732,0.0116063922473782,0.013425492491613,0.0245190908806221,0.0390940375368535,0.0156239201400772,1.45296631451356,0.951128383980034,0.992697763579394,0.649478694417052,0.751269309230607,0.235956104452666,0.307122039459102,0.694410057364296,0.829809548016535,0.620097724714275,0.719974275285725,0.442320387248389,0.557850851082928,0.487914476586392,0.698908743203359,0.597488763555637,0.933904898205379,0.35434607152696,0.488794676807141,121.081723853958,133.584942812709
"2","-2",0.972116715771311,0.68707902930946,0.285037686461852,0.728085943411016,0.641109,0.471502635355879,0.558885753449986,0.736407516639142,0.350047079206711,121.666666666667,0.00892665665421485,0.0117806812696253,0.00374828108259328,0.0338107132839963,0.0104920897823074,0.0186603907448327,0.0325216433589694,0.0293573642532392,0.0156239939875988,5.5075705472861,3,0.00515380762227431,0.00680157950225536,0.00216407109203361,0.0195206244160085,0.0060576108601769,0.0107735816197128,0.01877637954779,0.0169494821543055,0.00902051713455725,3.17979733805649,0.949941671336729,0.994291760205894,0.657814194697473,0.716343863921447,0.275726440070341,0.294348932853362,0.644095475481063,0.812076411340969,0.6150452040967,0.6671727959033,0.425147654990643,0.517857615721115,0.478097512733875,0.639673994166096,0.663479780980079,0.809335252298204,0.311234926533957,0.388859231879466,107.985102970028,135.348230363305
"3","-3",0.974322422115699,0.698148553446489,0.27617386866921,0.837693056665222,0.673049,0.488206753008475,0.580876059089827,0.755150752039903,0.386026457431593,137,0.0099699289186514,0.00726589902150777,0.00479831367953326,0.0507265696397693,0.0212305524186254,0.00280519406512729,0.00716070688183677,0.0236326143570882,0.0213918979208684,7.81024967590665,3,0.00575614114498482,0.00419496875597215,0.00277030769453479,0.0292869986365871,0.0122574651539378,0.00161957954863038,0.00413423604581647,0.0136442962607195,0.0123506180230904,4.50924975282289,0.949555745705407,0.999089098525991,0.680099059677392,0.716198047215586,0.264254196705074,0.288093540633346,0.711681272035341,0.963704841295102,0.6203093840956,0.7257886159044,0.481238264642514,0.495175241374435,0.563087877081866,0.598664241097788,0.696444083488208,0.813857420591598,0.332886037080451,0.439166877782736,117.598264241894,156.401735758106
"4","-4",0.968940246045761,0.697227740689448,0.271712505356313,0.784709581657605,0.671946666666667,0.509198048866836,0.603780104499236,0.803782792611958,0.414801614851315,131.333333333333,0.0216287010186203,0.0189240015662088,0.0057833105591678,0.0568424053316099,0.00376163851710038,0.0133652922657257,0.0198360801035493,0.0423946556215203,0.0393685604192064,2.88675134594813,3,0.0124873363553224,0.0109257773983955,0.00333899590814274,0.0328179780195908,0.00217178301044197,0.00771645508741475,0.0114523661874512,0.0244765658352862,0.0227294489556369,1.66666666666667,0.915211574189234,1.02266891790229,0.650217914741607,0.74423756663729,0.257345965497521,0.286079045215106,0.643505218946754,0.925913944368455,0.662602238568365,0.681291094764968,0.475996822320982,0.542399275412691,0.554504549860709,0.653055659137763,0.698468629805871,0.909096955418045,0.317004689256643,0.512598540445987,124.162245450418,138.504421216249
"5","-5",0.964630000378817,0.697622851868261,0.267007148510556,0.749280030251406,0.668687333333333,0.499606517554628,0.598248081342473,0.778992092956398,0.390286351773977,128.666666666667,0.0158826239531541,0.013356879547022,0.00286838395698055,0.0529135213519443,0.0145475263991283,0.0234695888994619,0.0321039585124038,0.062555067649113,0.0381039095529354,8.50490054811538,3,0.00916983721479112,0.00771159800200656,0.00165606224970193,0.0305496357963161,0.00839901828257988,0.0135501734688742,0.0185352290891889,0.0361161851463907,0.0219993024375644,4.91030662088541,0.925175375255238,1.0040846255024,0.664442523674197,0.730803180062325,0.259881687751241,0.274132609269871,0.617835556399535,0.880724504103277,0.632549274392575,0.704825392274091,0.441304826690198,0.557908208419058,0.518497427305343,0.677998735379604,0.623596690348144,0.934387495564653,0.295630993088406,0.484941710459547,107.539322480407,149.794010852926
"6","-6",0.956272644005478,0.679873198160013,0.276399445845465,0.827604126030043,0.654465,0.476267557436807,0.56637291358534,0.740876265034091,0.369119797288698,136.333333333333,0.0167092742528164,0.0223814179229427,0.00923214273263319,0.0363266920318445,0.0158620674251498,0.0196808902194404,0.0287716751535189,0.0415878031170294,0.0283337015990359,7.76745346515403,3,0.00964710398782685,0.0129219176626565,0.00533018009188282,0.0209732254233541,0.00915796889781424,0.0113627672660854,0.0166113343949206,0.0240107293246221,0.0163584702453419,4.48454134902457,0.914764505698078,0.997780782312878,0.624274673855186,0.735471722464839,0.25346553192307,0.299333359767861,0.737363620410598,0.917844631649489,0.615061440122859,0.693868559877141,0.427377515841877,0.525157599031738,0.494900110306253,0.637845716864426,0.63756643496223,0.844186095105952,0.298734980633053,0.439504613944344,117.037909256278,155.628757410388
"7","-7",0.978707768023746,0.708389116824948,0.270318651198798,0.733698982463924,0.671204666666667,0.499910271859046,0.591567627102704,0.786774123434874,0.401376975975417,132.333333333333,0.00591928818026556,0.0195569608726025,0.0137858989718468,0.0430412007427286,0.0247639462592966,0.0202759211024465,0.0393404075381049,0.0379875278392635,0.0193813171623399,9.07377172587747,3,0.00341750262428729,0.011291216624328,0.00795929248241671,0.0248498488350591,0.0142974710390023,0.0117063085065651,0.0227131948821545,0.0219321094238472,0.0111898086809265,5.23874454850057,0.964003441028431,0.993412095019062,0.659806932794091,0.756971300855806,0.236072579672454,0.304564722725143,0.626778712539895,0.840619252387952,0.609687613872189,0.732721719461144,0.449542091607984,0.550278452110108,0.493840637141671,0.689294617063738,0.692407872953194,0.881140373916554,0.353231115109054,0.449522836841779,109.792834801267,154.873831865399
"8","0",0.978650772847894,0.717328629242416,0.261322143605477,0.782010005808636,0.675463333333333,0.513256684589899,0.62120477790349,0.79572949037615,0.405456841557196,137.666666666667,0.00100064517026813,0.00378831755594033,0.00396691340965477,0.0139875765213861,0.0187579456853178,0.0157306188811721,0.0180264946963988,0.0105742284551012,0.0206070504482107,0.577350269189626,3,0.000577722758417606,0.00218718616069793,0.00229029852491612,0.00807573106993273,0.0108299049908626,0.00908207704556411,0.0104076015655112,0.00610503364502529,0.0118974861234786,0.333333333333333,0.97616503244435,0.981136513251437,0.707917926737619,0.726739331747214,0.251467784405306,0.271176502805649,0.747262939475867,0.816757072141404,0.628866013061471,0.722060653605196,0.474179660998008,0.552333708181791,0.576424482617498,0.665985073189481,0.76946165069817,0.82199733005413,0.354266090410854,0.456647592703538,136.232449090083,139.10088424325
"9","1",0.973215822343916,0.701777279291977,0.271438543051939,0.704048634986862,0.680297,0.47147620004778,0.568983179626196,0.735125333471564,0.382624546577035,121,0.0104273071744466,0.00517776310091992,0.00528743609010836,0.0762806994088198,0.0187822444611926,0.0229205049918604,0.0283773333195282,0.0293120978707552,0.0244586045198451,6.2449979983984,3,0.00602020860408964,0.00298938292011623,0.003052702649947,0.044040682337655,0.0108439338956549,0.0132331597270128,0.0163836610309134,0.0169233475961931,0.0141211819035352,3.60555127546399,0.947312955359869,0.999118689327964,0.688915002710473,0.714639555873482,0.258303823662031,0.284573262441847,0.514556872906722,0.893540397067002,0.633639318222638,0.726954681777362,0.414538509225137,0.528413890870422,0.498489975768246,0.639476383484145,0.662310045740305,0.807940621202824,0.321866004712501,0.443383088441569,105.486564962373,136.513435037627
"10","10",0.965692079946926,0.685990653495579,0.279701426451347,0.791936029047034,0.661696333333333,0.47979984236611,0.573784595999629,0.785732100789754,0.427373318468289,137,0.0118902233452903,0.0144038955826245,0.017348557615008,0.0348183319852203,0.0325023198300265,0.0405654751004952,0.0524360437658429,0.062250315962519,0.0484925239119044,7.81024967590665,3,0.00686482364912813,0.00831609299200754,0.0100161944090766,0.0201023733444007,0.0187652231031531,0.0234204879690759,0.0302739639834484,0.0359402366780996,0.0279971717342224,4.50924975282289,0.936155127733756,0.995229032160096,0.650209393282667,0.72177191370849,0.236605220235432,0.322797632667262,0.705442497502305,0.878429560591762,0.580956094924194,0.742436571742473,0.379029615873901,0.580570068858319,0.443526242225908,0.70404294977335,0.631093743338887,0.940370458240621,0.306911211080772,0.547835425855805,117.598264241894,156.401735758106
"11","11",0.977445273354405,0.710907439122114,0.266537834232291,0.823377383414745,0.661790666666667,0.509352011930889,0.608458618705802,0.78335843429543,0.447672268598952,125.333333333333,0.00275119719069594,0.0169329196070826,0.0146480689023692,0.0260421747072912,0.0227623707318313,0.0259630383000334,0.0320814872685646,0.0276161089367076,0.0297675963623374,3.78593889720018,3,0.00158840443864204,0.00977622569331546,0.00845706652389102,0.0150354565775379,0.0131418608694169,0.0149897671515049,0.0185222553105093,0.0159441679285782,0.0171863297729237,2.185812841434,0.970610920660536,0.984279626048274,0.668843734956123,0.752971143288104,0.230150013867599,0.302925654596984,0.758685035128372,0.888069731701118,0.605245803122882,0.718335530210451,0.444856249378157,0.57384777448362,0.528763786332923,0.688153451078681,0.714756216633949,0.851960651956911,0.373725459887108,0.521619077310797,115.928539744416,134.738126922251
"12","12",0.976843316379709,0.700542234270688,0.276301082109021,0.765197397670008,0.657320666666667,0.491445893751061,0.594231409390815,0.77735162305516,0.400535121716531,127.666666666667,0.00482049555879217,0.0172640743509714,0.0210360156076124,0.0346735705876179,0.00800949944336932,0.0339679962265355,0.0388522301052823,0.0271105872377349,0.0297106451762066,8.62167810425171,3,0.00278311440849605,0.00996741797384303,0.0121451492737322,0.0200187953125267,0.00462428665970343,0.0196114317652225,0.022431345509902,0.0156523048395951,0.0171534489902803,4.97772817435603,0.964868541572789,0.98881809118663,0.657655896116978,0.743428572424397,0.224044722433183,0.32855744178486,0.679063473372269,0.851331321967747,0.63742396704715,0.677217366286184,0.407064713332131,0.57582707416999,0.497717119400682,0.690745699380948,0.710005190910206,0.844698055200114,0.326729787593883,0.474340455839178,106.249230949323,149.08410238401
"13","13",0.979365823485618,0.702155937157937,0.277209886327681,0.803358510785503,0.665324333333333,0.491282726302096,0.587623639724784,0.767416131892709,0.370073940653654,134.333333333333,0.00592613680392685,0.00491310555624873,0.009231469284957,0.0558324619010994,0.0568077549048836,0.00852823310289936,0.00696713022348266,0.0456093057870396,0.0086537363082089,9.23760430703401,3,0.00342145667900171,0.00283658281545725,0.00532979127668569,0.0322348869081193,0.0327979725863929,0.00492377767767083,0.00402247451000689,0.0263325449736992,0.00499623698704045,5.33333333333333,0.964644483565992,0.994087163405245,0.689951106363849,0.714360767952024,0.254277645342055,0.300142127313308,0.664662986637119,0.942054034933888,0.524206047054242,0.806442619612425,0.470097420836586,0.512468031767606,0.570316328793955,0.604930950655613,0.654116335380371,0.880715928405046,0.348576867942889,0.391571013364419,111.385852108003,157.280814558664
"14","14",0.967799562575176,0.710546170661561,0.257253391913615,0.79577998901805,0.666656333333333,0.522414899045855,0.629490464926587,0.773768753649278,0.405855565861697,129,0.0100457242932223,0.00975136416939623,0.0184964895213529,0.0461811470863734,0.0105362414709104,0.0302751601447732,0.0391983727559182,0.0429065447118181,0.0172127858484947,2.64575131106459,3,0.00579990162489668,0.00562995272816698,0.0106789532042162,0.0266626977018034,0.00608310184947704,0.0174793718593439,0.0226311910624247,0.0247721051393649,0.00993780654313182,1.52752523165195,0.942844600016536,0.992754525133816,0.686322439187353,0.734769902135769,0.211305564758627,0.303201219068602,0.681059659968901,0.9105003180672,0.640482858555337,0.69282980811133,0.447207232000943,0.597622566090767,0.532116308924364,0.72686462092881,0.667182987849749,0.880354519448807,0.363096635411168,0.448614496312225,122.427589392272,135.572410607728
"15","15",0.974525147579775,0.706453109965256,0.268072037614519,0.727372289827704,0.666673666666667,0.505136735700799,0.609893567733051,0.777672638842338,0.392396864694878,121,0.00333039190018224,0.00946294016747479,0.0118866950922296,0.0204560642503553,0.0222274340924303,0.0199203416059113,0.0246811091325606,0.0458928771458969,0.0245594404767581,1.73205080756888,3,0.00192280266007716,0.00546343105301689,0.00686278661127374,0.0118103142015029,0.0128330150566593,0.0115010145885222,0.0142496450015824,0.02649626497407,0.0141793995704029,1,0.966251995465625,0.982798299693926,0.682945863431195,0.729960356499317,0.238543850067834,0.297600225161204,0.676556609189409,0.778187970466,0.611457659402216,0.721889673931118,0.455651863886606,0.554621607514993,0.548582293769032,0.671204841697071,0.663668412023491,0.891676865661185,0.331387832427076,0.453405896962681,116.697347270251,125.302652729749
"16","16",0.973197646269896,0.709311023228182,0.263886623041715,0.781096267725141,0.666232333333333,0.522018420101482,0.616442632668864,0.808966833285729,0.410885943789356,130.666666666667,0.00826185855015307,0.0147631754608382,0.0212735001834295,0.0325435558187142,0.0130686547637212,0.0312225928382341,0.031436578031269,0.0156055026014648,0.0214287001295697,4.16333199893227,3,0.00476998625793749,0.00852352332640863,0.0122822610575086,0.0187890307123222,0.00754519134578073,0.0180263723799525,0.0181499167887538,0.00900984112779509,0.0123718657881908,2.40370085030933,0.952674051876314,0.993721240663478,0.672637262320726,0.745984784135637,0.21104031897513,0.316732927108299,0.700253593441421,0.861938942008861,0.633767995192928,0.698696671473739,0.444457199773399,0.599579640429565,0.538349843653006,0.694535421684721,0.770200615762612,0.847733050808845,0.357654101683702,0.464117785895009,120.324376641582,141.008956691751
"17","17",0.978977883763507,0.708749950510808,0.270227933252699,0.763909221627278,0.691411,0.502445200152147,0.604668362235318,0.772390692132624,0.398130750309737,128.666666666667,0.00515434807711076,0.011201339695383,0.00629774798107556,0.0842490347338919,0.00815975753316233,0.0107636226288139,0.0132955546688086,0.0194796896217364,0.00913906442602843,15.1767365837763,3,0.00297586424981693,0.00646709648841379,0.00363600649216239,0.0486412028825787,0.00471103820829335,0.00621438042220124,0.00767619206706205,0.0112466040468399,0.00527644130650885,8.76229295206328,0.966173773325669,0.991781994201346,0.680924280151382,0.736575620870235,0.25458345999381,0.285872406511588,0.554623017266254,0.973195425988303,0.671141038593133,0.711680961406867,0.475706879264861,0.529183521039432,0.571640373483892,0.637696350986743,0.724000460530077,0.820780923735171,0.375428055718924,0.42083344490055,90.9655629776071,166.367770355726
"18","18",0.972477323770428,0.693533658849345,0.278943664921083,0.796454545853479,0.67235,0.477078477768713,0.573007728470914,0.739194639208789,0.384064489182591,133.333333333333,0.0095294090436433,0.0152725290724152,0.00667719649644414,0.0737695206612831,0.0148200683196806,0.0146283915489155,0.015130130101841,0.0247876265325192,0.00316274309520188,4.61880215351701,3,0.00550180687656551,0.00881759877116529,0.00385508119465405,0.0425908526117815,0.00855637043377626,0.00844570579857759,0.00873538468717197,0.0143111428511219,0.00182601057739244,2.66666666666667,0.948804959394419,0.996149688146437,0.655594593426756,0.731472724271935,0.262356589295499,0.295530740546667,0.613200897601041,0.979708194105918,0.635534909396365,0.709165090603635,0.440739538659802,0.513417416877623,0.535422401701241,0.610593055240586,0.677618761354575,0.800770517063003,0.376207799787222,0.39192117857796,121.859592720668,144.807073945999
"19","19",0.980505986765232,0.710215777001131,0.270290209764101,0.772369006692509,0.665683666666667,0.508069970992913,0.60867977828036,0.789933095942331,0.389430548129851,128.333333333333,0.0021416804811681,0.00924402128884018,0.00714307823320271,0.0890231773376107,0.0172558463522753,0.0328521996613873,0.0369083766712428,0.024026509022896,0.0184234186104386,18.8237438713273,3,0.00123649980232057,0.00533703817950651,0.00412405814078214,0.0513975553999853,0.00996266753658099,0.0189672263179733,0.0213090612064941,0.013871711452056,0.0106367656941299,10.8678935912674,0.975185757515442,0.985826216015021,0.6872523551093,0.733179198892961,0.252545819747019,0.288034599781183,0.551223174648312,0.993514838736705,0.62281776799481,0.708549565338523,0.426460582900109,0.589679359085717,0.51699428791184,0.700365268648881,0.730247938796845,0.849618253087816,0.343664239180298,0.435196857079404,81.57256130624,175.094105360427
"20","2",0.977050744302569,0.709066303954602,0.267984440347967,0.807280505398809,0.696526666666667,0.500600151089227,0.606323566960451,0.797406704430848,0.39861973375103,139.666666666667,0.0035592026800912,0.00295120930487743,0.00644642740952806,0.0425510295528822,0.0487095714447718,0.00915007139205573,0.00939876258574446,0.0233145718591735,0.0232300243499522,3.78593889720018,3,0.00205490662545109,0.00170388148660591,0.00372184660020241,0.0245668483666523,0.0281224841857503,0.00528279618130767,0.00542637810892894,0.0134606743389347,0.0134118608117264,2.185812841434,0.968209194701192,0.985892293903946,0.701735093625088,0.716397514284117,0.251970626913897,0.283998253782036,0.701577888212691,0.912983122584926,0.575525383317512,0.817527950015821,0.477870113679013,0.52333018849944,0.582975746377415,0.629671387543487,0.739490097242162,0.855323311619534,0.340913154218435,0.456326313283625,130.261873077749,149.071460255584
"21","20",0.968195890453194,0.696315349521711,0.271880540931482,0.773771054349089,0.670283666666667,0.511627708736438,0.610874076564944,0.814318808134607,0.380439199519143,131.333333333333,0.00419898566946036,0.0147531144945893,0.0139810451668512,0.0335137625801941,0.0293684026861069,0.0116526680290745,0.017378188274059,0.0255555636399261,0.0265482956290645,6.50640709864771,3,0.00242428550658632,0.0085177146248365,0.00807196019063384,0.0193491798472323,0.0169558551964932,0.00672767102336349,0.010033301678056,0.0147545115468039,0.0153276656279662,3.75647588986155,0.957765031800588,0.978626749105799,0.659666581439932,0.732964117603491,0.237149699382823,0.306611382480142,0.690518252860981,0.857023855837196,0.597328510020239,0.743238823313095,0.482680876642907,0.54057454082997,0.567704263711457,0.654043889418432,0.750835268751631,0.877802347517583,0.314489577164287,0.446388821873998,115.170522091583,147.496144575084
"22","21",0.978714275367843,0.72214838051973,0.256565894848114,0.782591425001887,0.682168333333333,0.513450549053798,0.616142802857648,0.779040156374257,0.415263323433864,134.666666666667,0.00143873035792473,0.0128415775393733,0.0142253224140412,0.0266395958439336,0.0223546052153317,0.0361326013468203,0.0371637668788942,0.0358088479819825,0.0351898612864761,12.3423390543824,3,0.00083065135943913,0.00741408824917663,0.00821299372505588,0.0153803778315979,0.0129064373386996,0.0208611671141081,0.02145651081163,0.020674248021768,0.0203168758864926,7.12585277547732,0.975140271028683,0.982288279707004,0.690248133475807,0.754048627563653,0.221228234977587,0.29190355471864,0.716415000340184,0.848767849663589,0.626636415486637,0.737700251180029,0.423692191424521,0.603208906683075,0.523822888043089,0.708462717672207,0.690086046687879,0.867994266060634,0.327846861940866,0.502679784926862,104.006596770466,165.326736562867
"23","22",0.975821241010572,0.703394500944574,0.272426740065997,0.813077533348942,0.679315,0.50924466016187,0.610199687431076,0.778580060632695,0.388054706216022,138.333333333333,0.00479237047235765,0.0203503055966984,0.0161612093710223,0.0134396058221772,0.026598832737547,0.0249294351366345,0.031966533326187,0.0157864879830391,0.0167242155952544,10.0166528008778,3,0.0027668763822721,0.0117492544143449,0.00933067858078961,0.00775936003923649,0.0153568432411526,0.0143930160868813,0.0184558866209332,0.00911433308656643,0.00965573037590546,5.78311719096582,0.963916332791509,0.987726149229634,0.652841539366172,0.753947462522976,0.232280070399948,0.312573409732047,0.779691701695012,0.846463365002871,0.61323983650812,0.74539016349188,0.447316510206322,0.571172810117417,0.530790416481571,0.689608958380581,0.739364250497934,0.817795870767456,0.346509451556407,0.429599960875636,113.450588365163,163.216078301504
"24","23",0.978132370385735,0.70843930237424,0.269693068011495,0.799244656118542,0.674057,0.49998659448762,0.600022014791548,0.78136699259553,0.427478156483619,132.666666666667,0.00571782983137559,0.00156010193400441,0.00419899689114848,0.0463090812745749,0.0298442650939842,0.0140961324884126,0.0104612331426164,0.0479352395450411,0.0510395091446435,3.05505046330389,3,0.00330119059232517,0.000900725271560704,0.00242429198543098,0.0267365605398001,0.0172305944857783,0.00813840588671765,0.00603979577094499,0.0276754234549987,0.0294676743439663,1.76383420737639,0.963928493672243,0.992336247099226,0.704563794325805,0.712314810422675,0.25926218148267,0.280123954540319,0.684206520927859,0.914282791309224,0.59991973560056,0.74819426439944,0.464969860183325,0.535003328791915,0.574034871030562,0.626009158552534,0.662289256319908,0.900444728871153,0.300688987028184,0.554267325939054,125.077500599473,140.25583273386
"25","24",0.975124066749224,0.702982384183373,0.272141682565851,0.765173250161965,0.676716666666667,0.501791459675179,0.603535846875155,0.80217441478733,0.427827496594476,131.333333333333,0.00803054069168064,0.0227736139248553,0.01500841525561,0.104134946541473,0.0114139406137116,0.0256871289025548,0.0354996973340293,0.0183253684395686,0.027529698273605,2.51661147842358,3,0.00463643483008006,0.0131483521299358,0.00866511258793611,0.0601223394177667,0.00658984168584077,0.0148304707865986,0.0204957598119521,0.010580156401584,0.015894278708975,1.45296631451356,0.955175097771274,0.995073035727173,0.646409590999797,0.759555177366948,0.234858712235781,0.309424652895921,0.506487702347188,1.02385879797674,0.648362866348467,0.705070466984866,0.437981094061751,0.565601825288608,0.51534970997197,0.69172198377834,0.756651675964878,0.847697153609782,0.359439934919906,0.496215058269046,125.081723853958,137.584942812709
"26","25",0.954759026017704,0.661825465211024,0.29293356080668,0.780250023165067,0.673680333333333,0.481723128941828,0.566930927124363,0.772164361866527,0.386759174210796,131.333333333333,0.0188356214119341,0.0308523477185165,0.0185614655066363,0.0858908129207469,0.00253194734015802,0.0327346378953702,0.0394690376718122,0.0536351549146607,0.0341658829918992,10.1159939369957,3,0.010874751092534,0.0178126112604174,0.0107164671068104,0.049589083960709,0.00146182047841419,0.0188993520007169,0.0227874595244763,0.0309662711280066,0.0197256817424742,5.84047182264508,0.907968748544067,1.00154930349134,0.585183984747423,0.738466945674625,0.246824324356292,0.339042797257069,0.566885415695747,0.993614630634387,0.667390627461481,0.679970039205186,0.400405780465447,0.563040477418208,0.46888440219732,0.664977452051406,0.638927250867447,0.905401472865607,0.30188641581537,0.471631932606221,106.203811302605,156.462855364062
"27","26",0.981591591492523,0.700685400606767,0.280906190885756,0.799358349075043,0.669908666666667,0.490207334351707,0.585203672534165,0.764637936081448,0.378442222752106,126.666666666667,0.00376596357273426,0.0091044656431467,0.0108374620032697,0.0271231760757066,0.0236057033433306,0.0320507028451332,0.0402385167673323,0.0434342864684456,0.0209529322587227,10.0166528008778,3,0.00217428008247645,0.00525646568989845,0.00625701160492009,0.0156595730085868,0.0136287591796824,0.0185044819153544,0.0232317184874106,0.0250767969846164,0.0120971810798856,5.78311719096582,0.972236419360416,0.99094676362463,0.678068654157291,0.723302147056243,0.253984442823773,0.30782793894774,0.731980644522936,0.86673605362715,0.611268848779108,0.728548484554225,0.410588974726008,0.569825693977406,0.485245655567537,0.685161689500793,0.656741187082216,0.872534685080681,0.326392253556463,0.430492191947749,101.783921698497,151.549411634837
"28","27",0.966484218570611,0.684534585039711,0.281949633530899,0.774321610834567,0.681087666666667,0.478350054592545,0.575164175554982,0.742154818962003,0.379852576096842,132.666666666667,0.0243335718674628,0.0269989622222113,0.00718127162870007,0.0400664922633194,0.0137975851631122,0.0451777080674151,0.0560247618047396,0.0687507824970329,0.0384630410837987,3.78593889720018,3,0.0140489942680247,0.0155878581068342,0.00414610910795381,0.0231324000937115,0.00796603950808961,0.0260833619140924,0.0323459113092511,0.0396932827816594,0.0222066471235828,2.185812841434,0.90603627503306,1.02693216210816,0.617465444805394,0.751603725274029,0.264110365859723,0.299788901202076,0.674790926425703,0.873852295243432,0.646812565031893,0.715362768301441,0.366122406251832,0.590577702933258,0.435990951963999,0.714337399145966,0.571368407448779,0.912941230475227,0.284305085231975,0.475400066961708,123.261873077749,142.071460255584
"29","28",0.974879403323459,0.701122544856934,0.273756858466525,0.773677491635019,0.674174666666667,0.475307358176859,0.572652871648688,0.718146308933897,0.413202828621623,128.333333333333,0.00446911725491922,0.00335370671454749,0.0060788900807506,0.0478211554370915,0.0340025611143239,0.0123523793039756,0.0131679122502587,0.0492649460057035,0.0435681293891319,14.3643076176102,3,0.00258024605016761,0.00193626347442705,0.00350964882449551,0.0276095569645637,0.0196313878124916,0.00713164951628267,0.00760249768235226,0.0284431298380053,0.0251540712309038,8.29323686974982,0.96377750061228,0.985981306034638,0.692791475533177,0.709453614180692,0.258656058371347,0.288857658561702,0.654883155994266,0.892471827275773,0.589707622306479,0.758641711026854,0.444622346918009,0.505992369435709,0.539941964242801,0.605363779054575,0.595765398693785,0.840527219174009,0.304973595375663,0.521432061867584,92.6504150772454,164.016251589421
"30","29",0.980598803500644,0.702005700745349,0.278593102755296,0.79698420441748,0.670376,0.504873122549884,0.609044347821427,0.792708096996957,0.395020916682387,133,0.00128208439131671,0.0146738766154621,0.0145249186238276,0.131471374603705,0.0239342723306977,0.0171988365211501,0.0217447882645999,0.0100429016181774,0.0344295720632816,10.3923048454133,3,0.000740211768450519,0.00847196661399239,0.00838596567742427,0.0759050335181792,0.0138184585729861,0.00992975289523437,0.0125543593580381,0.00579827195269965,0.0198779226988192,6,0.977413929314528,0.98378367768676,0.665553770467308,0.738457631023389,0.242511204641741,0.31467500086885,0.470391204748762,1.1235772040862,0.610919971500011,0.729832028499989,0.462148844149466,0.547597400950302,0.555027299259308,0.663061396383545,0.767760146351844,0.81765604764207,0.309493118320563,0.48054871504421,107.184083621503,158.815916378497
"31","3",0.969121992496374,0.705272856008336,0.263849136488037,0.835639408630224,0.683095333333333,0.515704502747059,0.617491514798135,0.781954707330762,0.401088643362835,132.333333333333,0.0115139899585611,0.0111829253056705,0.0148051953180057,0.0221816087714181,0.0221644768116311,0.037070810446181,0.0391822288876389,0.0382327198626263,0.0144594529900183,5.85946527708232,3,0.0066476052020219,0.00645646493555637,0.00854778350225558,0.0128065577952372,0.0127966666536424,0.0214028423901802,0.0226218703957278,0.0220736711045388,0.00834816907612182,3.38296385503074,0.940519655827598,0.99772432916515,0.677492929528833,0.73305278248784,0.22707099246875,0.300627280507325,0.780537237773853,0.890741579486596,0.628035720624345,0.738154946042322,0.423615504512552,0.607793500981565,0.520157462387919,0.714825567208352,0.686979366097226,0.876930048564298,0.365169370899049,0.43700791582662,117.777614667842,146.889051998825
"32","30",0.967225461314026,0.699171476171437,0.268053985142588,0.712381230664108,0.671797,0.50646517524187,0.602045471709637,0.826790340301467,0.421025963234285,138.666666666667,0.00512382348381045,0.0174075333391248,0.0134433585976421,0.0313811410949481,0.0160439742271047,0.0308184438008884,0.0375359897289073,0.00892536768551481,0.0357483459492047,6.02771377334171,3,0.00295824086765809,0.0100502440592711,0.00776152670516134,0.0181179102586459,0.00926299283889031,0.0177930368244483,0.0216714137742837,0.00515306343584836,0.0206393171568572,3.48010216963685,0.95449717816954,0.979953744458511,0.655928766135166,0.742414186207708,0.234658831077603,0.301449139207574,0.634426154632389,0.790336306695826,0.631941558576099,0.711652441423901,0.429907916778625,0.583022433705115,0.508800904076185,0.695290039343089,0.804618497842642,0.848962182760292,0.332222148929168,0.509829777539402,123.692995566672,153.640337766662
"33","31",0.97885703475768,0.716278601001316,0.262578433756364,0.780138229499982,0.699589666666667,0.521953002531322,0.627927792093812,0.817321642038301,0.402454649010329,128.333333333333,0.00728423236768243,0.0189129494336469,0.0156542216146622,0.0576600619588688,0.00996312011035365,0.0162690500329695,0.026512650727585,0.0196260073201651,0.0169472152436639,4.50924975282289,3,0.00420555351832124,0.0109193964466858,0.00903796906317929,0.0332900522934434,0.00575221007768125,0.00939294041599442,0.0153070860345018,0.0113310806094149,0.00978447928294386,2.60341655863555,0.960761998431968,0.996952071083392,0.669296230072767,0.763260971929865,0.223691191495284,0.301465676017444,0.636902695126095,0.923373763873869,0.674839904273839,0.724339429059494,0.48153844181007,0.562367563252575,0.562066716582953,0.69378886760467,0.768567937123191,0.866075346953411,0.360355432514393,0.444553865506264,117.131735970645,139.534930696022
"34","32",0.962310782597616,0.683506386428969,0.278804396168647,0.77360103002178,0.668291333333333,0.472476907326033,0.559306249931919,0.73518527332695,0.382059376318212,130.333333333333,0.0159447021932559,0.0208917924026082,0.010824199326233,0.0257650262901269,0.025631041674761,0.0285487533519288,0.0395393809455145,0.0512720212153957,0.0427225349696791,5.03322295684717,3,0.00920567810342469,0.0120618819674996,0.0062493543947628,0.0148754448642826,0.0147980888105338,0.0164826304327643,0.022828072232484,0.0296019152506049,0.0246658670652074,2.90593262902712,0.922701946576721,1.00191961861851,0.631608297055591,0.735404475802347,0.251915594422849,0.305693197914445,0.709597156570237,0.837604903473323,0.604620296117615,0.731962370549051,0.401557872501048,0.543395942151018,0.461084982625904,0.657527517237934,0.607818511868123,0.862552034785778,0.27593071605846,0.488188036577964,117.830114374582,142.836552292085
"35","33",0.97365331716881,0.704284401766618,0.269368915402192,0.767418467347262,0.660545,0.495567845499968,0.59728417805241,0.785096570473612,0.404527081746358,124,0.00178847655161004,0.0137654519842069,0.0145425562726726,0.0796796112062283,0.0153214608637688,0.0268238295494334,0.0321207046936903,0.00748623737983487,0.0317693304038702,10,3,0.00103257741851139,0.00794748740859874,0.00839614877873282,0.0460030449788406,0.00884584955407525,0.015486745211062,0.0185448975014626,0.0043221811664651,0.0183420314606486,5.77350269189626,0.969210495120374,0.978096139217246,0.670089123373361,0.738479680159875,0.233243202939995,0.30549462786439,0.569483340292266,0.965353594402258,0.622484381269205,0.698605618730795,0.428933758942658,0.562201932057279,0.517491924194818,0.677076431910002,0.766499725879249,0.803693415067975,0.325607690013048,0.483446473479669,99.1586228824967,148.841377117503
"36","34",0.978831689478923,0.709426041337958,0.269405648140965,0.765524601328971,0.661576,0.497398862416941,0.598991454041774,0.793621545057503,0.40976692683834,126.666666666667,0.00183094249923778,0.00671208974427316,0.00554369152830978,0.0592021968240581,0.0129653555292557,0.0300622124857883,0.0361388906239822,0.0274804561029476,0.033920992978176,2.51661147842358,3,0.00105709514480566,0.00387522682068104,0.0032006517961739,0.0341804042729871,0.00748555150495498,0.0173564264711056,0.0208647982299706,0.0158658487284905,0.0195842944271293,1.45296631451356,0.97428337616852,0.983380002789326,0.692752286079556,0.72609979659636,0.25563435495318,0.28317694132875,0.618458191579863,0.91259101107808,0.629368271383525,0.693783728616475,0.422720186682343,0.572077538151539,0.50921747298192,0.688765435101629,0.725356307716071,0.861886782398934,0.325502508961235,0.494031344715445,120.415057187291,132.918276146042
"37","35",0.96459709463498,0.686124311072288,0.278472783562692,0.758619592996264,0.666033666666667,0.490581022590119,0.579604565831903,0.767272737873135,0.383263023438135,125.333333333333,0.0229851853212859,0.0216838699785644,0.0120472819110061,0.0114266132861376,0.00674223496574643,0.0174932820991853,0.0295380004327724,0.0301640189462444,0.0515349080120397,4.72581562625261,3,0.0132705029326178,0.012519188169197,0.00695550145432269,0.00659715825667728,0.00389263117241341,0.0100997511289747,0.0170537725011844,0.0174152044584552,0.0297536930134137,2.72845092395748,0.907498728966804,1.02169546030316,0.632258591921845,0.73999003022273,0.248545676243474,0.30839989088191,0.730234312014582,0.787004873977945,0.649285026526774,0.682782306806559,0.447125300825246,0.534036744354992,0.506228105027155,0.65298102663665,0.692341160870818,0.842204314875452,0.255243214973843,0.511282831902427,113.59375651738,137.072910149286
"38","36",0.971566176217449,0.695243758772395,0.276322417445054,0.787291407076022,0.680760666666667,0.472549003350167,0.571384210034745,0.73654547420494,0.400402761311151,134.333333333333,0.00193639794016446,0.012328329666613,0.0126177050081709,0.104322693038028,0.013841657788478,0.0213851663142999,0.0272298187887687,0.0331471862382896,0.0196255241793536,11.0151410945722,3,0.00111797987201219,0.00711776445167744,0.00728483538302273,0.060230734908092,0.00799148485020845,0.012346731528226,0.0157211432076803,0.0191375368975551,0.0113308016679373,6.35959467611297,0.966755897069331,0.976376455365568,0.664618490124671,0.725869027420119,0.244978300598516,0.307666534291593,0.528139471108903,1.04644334304314,0.646376082561166,0.715145250772168,0.419425305236762,0.525672701463573,0.503741590297437,0.639026829772053,0.654203298831993,0.818887649577887,0.351650256584351,0.449155266037952,106.970205940056,161.696460726611
"39","37",0.970917951991339,0.685973833134173,0.284944118857166,0.81893765365489,0.681611333333333,0.492275112054042,0.580435942550478,0.766402891971949,0.378780841657682,144,0.0154369987942155,0.0113739630787762,0.00639370671293214,0.0359634474988308,0.022434836935742,0.0314081523980253,0.0310935181327729,0.0561566743169051,0.0373414979796277,10.1488915650922,3,0.00891255540932025,0.00656676064528433,0.00369140829183089,0.0207635060944369,0.012952759144076,0.0181335052417487,0.017951851064009,0.0324220710336593,0.0215591239104819,5.85946527708232,0.932570321130384,1.00926558285229,0.657719342518129,0.714228323750217,0.2690612708937,0.300826966820632,0.729599497478491,0.908275809831288,0.625880108844287,0.737342557822379,0.414252936225706,0.570297287882378,0.503195361565865,0.657676523535092,0.626901979534844,0.905903804409054,0.28601941831324,0.471542265002124,118.78875573069,169.21124426931
"40","38",0.978057015198103,0.71319748911808,0.264859526080024,0.803390256547853,0.671594333333333,0.50797662149505,0.61423131783275,0.762049739444904,0.38551245828633,136.666666666667,0.00643115135435349,0.0120170078080262,0.0068459010800978,0.0201083213794127,0.016867643828743,0.0230018751563249,0.0272187414879892,0.0319001599742974,0.0358314108086129,9.29157324317757,3,0.00371302696563521,0.00693802269281775,0.00395248283144002,0.0116095447613554,0.00973853870511953,0.0132801388133703,0.0157147477250934,0.0184175659483527,0.0206872746757967,5.36449231314369,0.96208114958878,0.994032880807427,0.683345586839764,0.743049391396396,0.247853365036041,0.281865687124007,0.753438417089259,0.853342096006448,0.62969278318998,0.713495883476687,0.45083679597825,0.565116447011849,0.546616215636053,0.681846420029447,0.682805349041883,0.841294129847924,0.296502299431436,0.474522617141224,113.585119171799,159.748214161534
"41","39",0.978854966698801,0.715189266442596,0.263665700256205,0.737151885190519,0.670194666666667,0.51950227167548,0.625106593707676,0.80988589981306,0.420623816746002,125.666666666667,0.00521018275912109,0.0142776342690296,0.014720399888457,0.0542467302423077,0.0239743686534877,0.0274538498170102,0.0288568071373022,0.0235641041982976,0.0418699707577301,7.37111479583199,3,0.00300810041850571,0.00824319598861525,0.00849882683817956,0.0313193643080534,0.0138416081957425,0.0158504875821424,0.0166604853686745,0.0136047419020995,0.0241736388879372,4.25571511160124,0.965912155221757,0.991797778175845,0.679721656720321,0.750656876164871,0.227098199761243,0.300233200751166,0.602395536856455,0.871908233524583,0.610639033379133,0.7297502999542,0.451303128012315,0.587701415338645,0.553422310857197,0.696790876558154,0.751349419930455,0.868422379695666,0.316613043396841,0.524634590095163,107.3558024247,143.977530908634
"42","4",0.977140689523505,0.710590757813334,0.26654993171017,0.843266638780759,0.68027,0.511844445147214,0.612795668509723,0.770516614351736,0.397080701602323,137,0.00192430641617522,0.00894793295318319,0.0108506382669246,0.0678461939835259,0.0167575959791374,0.010837992830581,0.0175182924087438,0.017448897719036,0.00979791591031685,6.08276253029822,3,0.00111099882738208,0.00516609149921104,0.00626461892428818,0.0391710183598802,0.00967500254952595,0.00625731807821117,0.0101141908379308,0.0100741257951477,0.00565682938831875,3.51188458428425,0.972360447386121,0.981920931660888,0.688362860122119,0.73281865550455,0.239595451994741,0.293504411425599,0.674727349707554,1.01180592785396,0.638641823869949,0.721898176130051,0.484921378437088,0.53876751185734,0.569277817691693,0.656313519327753,0.727171149499405,0.813862079204068,0.372741329192946,0.421420074011699,121.889580206864,152.110419793136
"43","40",0.973601752284801,0.698286389683089,0.275315362601712,0.735765685828302,0.664119333333333,0.477321230129323,0.573174438770498,0.771608818248279,0.380671230953132,126.333333333333,0.00371171623682964,0.0139365919774275,0.0174896819299012,0.0818228951886622,0.0147343917530834,0.0200532394919473,0.0263248937797575,0.0264447884459919,0.0220461511774629,9.29157324317757,3,0.0021429603684891,0.00804629512975372,0.0100976725702694,0.0472404705630487,0.00850690504498811,0.0115777432187998,0.0151986845101313,0.0152679057279561,0.0127283513169034,5.36449231314369,0.964381338005576,0.982822166564025,0.663665975978684,0.732906803387494,0.231868584153126,0.318762141050297,0.532506346205551,0.939025025451052,0.627517075119796,0.700721591546871,0.427506221664615,0.52713623859403,0.507779777374381,0.638569100166615,0.705916321990331,0.837301314506226,0.325905555414247,0.435436906492016,103.251785838466,149.414880828201
"44","41",0.975087598414976,0.717975128017354,0.257112470397622,0.745594240281736,0.672232333333333,0.524227350657422,0.630484194792895,0.799941560972155,0.393410027437622,126.333333333333,0.000777624541030929,0.0147528926110171,0.0152608239817435,0.0510275308321461,0.0230793331864968,0.0409072203557029,0.0553509733335139,0.023759780212327,0.0296548257882136,2.51661147842358,3,0.000448961738092666,0.00851758652029638,0.00881084083391514,0.0294607586620215,0.013324859227941,0.0236177946841644,0.0319568993540121,0.0137177155014733,0.0171212216515966,1.45296631451356,0.973155871967018,0.977019324862933,0.681326911124923,0.754623344909784,0.219202482032189,0.295022458763055,0.618834826604099,0.872353653959373,0.614900091402706,0.729564575263961,0.42260818188894,0.625846519425904,0.492984754553026,0.767983635032764,0.740918994923814,0.858964127020496,0.319743356361734,0.467076698513509,120.081723853958,132.584942812709
"45","42",0.976062896943318,0.707116234985201,0.268946661958117,0.78170011702277,0.674722,0.515264606252587,0.614422316048801,0.794502283072829,0.392859683003344,131.666666666667,0.00131496516699182,0.0139889758398285,0.0127536223634001,0.0672281676595435,0.0300273861000254,0.0177579354377916,0.0204297490129069,0.00600930371885505,0.0103255926982282,8.50490054811538,3,0.000759195493137708,0.00807653896681213,0.0073633073046519,0.0388142006953627,0.0173363194479105,0.010252548805261,0.0117951210920783,0.00346947311972318,0.00596148372386447,4.91030662088541,0.972796342382356,0.979329451504281,0.672365692552719,0.741866777417683,0.237264907683772,0.300628416232462,0.614696090447824,0.948704143597716,0.600129837803639,0.749314162196361,0.471151449148742,0.559377763356433,0.563672006084245,0.665172626013357,0.77957434508346,0.809430221062199,0.367209488785502,0.418509877221187,110.539322480407,152.794010852926
"46","43",0.979054528921339,0.715954254130108,0.263100274791231,0.827364757641758,0.679861,0.513441312852529,0.617748925475656,0.769497296682761,0.383214648890691,133,0.00291821179087104,0.00396259476310457,0.00354584173140839,0.0882959402743,0.00173456248085794,0.0140885851113212,0.0202832699767379,0.0121108728105157,0.013667765471682,2.64575131106459,3,0.00168483036301173,0.00228780515316783,0.00204719267813244,0.0509776848857182,0.00100145011524956,0.00813404840652228,0.0117105513811155,0.00699221567727257,0.00789108807429626,1.52752523165195,0.971805288960762,0.986303768881916,0.706110623042696,0.725797885217521,0.254291915626341,0.27190863395612,0.608025482611914,1.0467040326716,0.675552107927914,0.684169892072086,0.478443327272292,0.548439298432767,0.567362489608829,0.668135361342484,0.739412220811947,0.799582372553575,0.349262037247127,0.417167260534256,126.427589392272,139.572410607728
"47","44",0.964384584700862,0.707689851067118,0.256694733633744,0.784751011228093,0.664355666666667,0.523314398112272,0.621937476802214,0.804310471464322,0.389733105156573,129,0.0159968591313272,0.0159267522565242,0.00209834958011582,0.0428028192400654,0.0193314815866072,0.0144133468497421,0.021891869628393,0.00822102662773384,0.0287699096543195,1,3,0.00923579092566029,0.00919531470262073,0.00121148269493381,0.0247122192103267,0.011161036097862,0.00832154968362202,0.0126392768230169,0.00474641193653721,0.0166103150834826,0.577350269189626,0.924646183663174,1.00412298573855,0.668125605160982,0.747254096973254,0.251482144309343,0.261907322958145,0.678422913784614,0.891079108671572,0.616333604233369,0.712377729099965,0.48750965965029,0.559119136574254,0.567555057877602,0.676319895726827,0.783888309189064,0.824732633739579,0.318264687620628,0.461201522692518,126.51586228825,131.48413771175
"48","45",0.973209258398385,0.697596749201193,0.275612509197192,0.809140167062263,0.663070333333333,0.487378853753758,0.583464031955634,0.723504432200395,0.384487378221703,128.333333333333,0.0109169549548774,0.0219114983562657,0.0148565954757875,0.0292068117694265,0.01658365057318,0.0327415143674632,0.043397093433787,0.069170123155544,0.0207800469513058,5.13160143944688,3,0.0063029068819295,0.012650609474338,0.00857745939718728,0.0168625606372491,0.00957457512257218,0.0189033221337309,0.0250553235760443,0.0399353892237329,0.0119973657011094,2.96273147243853,0.946090038897494,1.00032847789928,0.643165569813438,0.752027928588948,0.238706680107569,0.312518338286815,0.736586424505837,0.881693909618688,0.621874261546007,0.70426640512066,0.406044423173727,0.568713284333788,0.475659675576411,0.691268388334857,0.551676320743293,0.895332543657496,0.332866879938022,0.436107876505384,115.585728675931,141.080937990736
"49","46",0.974941666067995,0.707143024017848,0.267798642050146,0.789889420976362,0.655203333333333,0.504358848074519,0.606769892564531,0.793200345909944,0.39002445016161,127.333333333333,0.00683087263059847,0.00763756258211081,0.011644344914024,0.0461453027134264,0.0254254969731829,0.0171946210077821,0.0223284872320216,0.0161813564525315,0.0134683987907453,4.72581562625261,3,0.00394380615207607,0.00440954881273429,0.0067228656706486,0.0266420029434335,0.0146794175217472,0.0099273190674566,0.0128913581140048,0.00934231050372234,0.00777598366739005,2.72845092395748,0.957972837762162,0.991910494373828,0.688170266781774,0.726115781253923,0.238872485720591,0.296724798379702,0.675258134285805,0.904520707666919,0.592042897462256,0.718363769204411,0.461645041589833,0.547072654559205,0.55130285538513,0.662236929743931,0.753003628118936,0.833397063700952,0.356567092808627,0.423481807514593,115.59375651738,139.072910149286
"50","47",0.978588644452467,0.709200406986117,0.26938823746635,0.773097662407253,0.668428,0.485952595830338,0.584916643591955,0.76523446030443,0.421863824397165,125,0.00290646739972318,0.0172377385567717,0.0155633743769444,0.0841970809237648,0.0271441186079047,0.0421950738347784,0.0545853149985701,0.0800134010613197,0.0436066941088376,3.46410161513775,3,0.00167804973562105,0.00995221299597255,0.00898551838602778,0.0486112073363163,0.0156716641851889,0.0243613372369854,0.031514846308225,0.0461957586415304,0.025176336582207,2,0.971368579176842,0.985808709728092,0.666379490571947,0.752021323400286,0.230726672254494,0.308049802678207,0.563940518465234,0.982254806349271,0.60099827131388,0.73585772868612,0.381134221667275,0.5907709699934,0.449319204096236,0.720514083087674,0.566470153282601,0.963998767326258,0.31353879107664,0.530188857717689,116.394694540501,133.605305459499
"51","48",0.975080721286855,0.708233306359251,0.266847414927604,0.758815803958682,0.674907333333333,0.508549831586385,0.605272441938561,0.806457940236296,0.415130748154477,125.333333333333,0.0048461893975808,0.00763028322388344,0.00841495365362299,0.0303883931736228,0.0102556981397335,0.00160873439477222,0.0111110111464186,0.0220270942813951,0.0180754241875798,6.42910050732864,3,0.00279794875323719,0.00440534607330219,0.00485837575713746,0.0175447469790313,0.00592113008170267,0.00092880323587635,0.0064149452763537,0.0127173488128287,0.0104358510204158,3.71184290855335,0.96304211944604,0.98711932312767,0.689278632051466,0.727187980667036,0.245943511214008,0.2877513186412,0.683326850476589,0.834304757440774,0.649430766824094,0.700383899842573,0.504553513808142,0.512546149364629,0.577671160134064,0.632873723743058,0.751739604651603,0.86117627582099,0.370228905274226,0.460032591034728,109.362562310445,141.304104356222
"52","49",0.965301722161621,0.704792161775986,0.260509560385635,0.792754549879659,0.667091,0.529778540130972,0.632035984132882,0.812205019995811,0.393705179233607,124,0.0147189827557698,0.0260585667408758,0.0370627434800193,0.0835791573647241,0.0229237841335151,0.0793815626558997,0.0934615655469736,0.0974977036803424,0.0590896750570204,6,3,0.00849800865624115,0.0150449205225405,0.0213981849250952,0.0482544490031655,0.0132350529403298,0.0458309665680768,0.0539600600274291,0.056290325465216,0.0341154398004983,3.46410161513775,0.928737742019411,1.00186570230383,0.640059093420813,0.769525230131158,0.168440601605991,0.35257851916528,0.585132413153632,1.00037668660568,0.610145163337911,0.724036836662089,0.33258380671978,0.726973273542164,0.39986458455842,0.864207383707345,0.570007297474414,1.05440274251721,0.246918289049389,0.540492069417824,109.095173729498,138.904826270502
"53","5",0.978501361287803,0.70455246415796,0.273948897129843,0.804912710152471,0.672175666666667,0.498331327947438,0.5986335463169,0.773630813474028,0.411996836292255,131,0.00100256776315205,0.014479438336907,0.0134777735337068,0.0921805460321603,0.0169464115768895,0.0179697648683547,0.0276939100155229,0.0415235177434456,0.01801469047512,7.93725393319377,3,0.000578832767936679,0.00835970762152787,0.00778139617776243,0.0532204630657144,0.00978401528571534,0.0103748485840188,0.0159890864023754,0.0239736141468785,0.0104007863951783,4.58257569495584,0.976010844898772,0.980991877676834,0.668583545340286,0.740521382975634,0.240468251624332,0.307429542635355,0.575923539464244,1.0339018808407,0.630078446589673,0.71427288674366,0.453691957366672,0.542970698528204,0.52983806006152,0.667429032572281,0.670480677123,0.876780949825055,0.3672458643175,0.45674780826701,111.282768176815,150.717231823185
"54","50",0.974943888391974,0.716654850531364,0.258289037860611,0.801811214813329,0.660518333333333,0.507853095622381,0.60991203230331,0.785951459522064,0.422536027311207,136,0.00514270662201811,0.0117193078818424,0.0168294305226485,0.0612729602466737,0.015415756949736,0.011085324999887,0.0221554454773604,0.043539810395173,0.00662749331559108,7.81024967590665,3,0.00296914305258543,0.0067661455602978,0.00971647624255921,0.0353759600924623,0.00890029142469193,0.00640011537273926,0.0127914524103701,0.0251377212521184,0.00382638504980895,4.50924975282289,0.962168696931751,0.987719079852198,0.687542475866466,0.745767225196261,0.216482414832017,0.300095660889204,0.649600743553988,0.95402168607267,0.622223470139317,0.69881319652735,0.480315621743153,0.535390569501609,0.554874854672371,0.664949209934249,0.677792574556956,0.894110344487173,0.406072421231574,0.43899963339084,116.598264241894,155.401735758106
"55","51",0.972505880454608,0.707149534659756,0.265356345794851,0.788500494731596,0.666613333333333,0.505201521400382,0.609482152217148,0.768821914418098,0.405420466166749,125.666666666667,0.00352717846268543,0.00945397821434927,0.00768428891376662,0.037558585803683,0.00927194787158196,0.0159993474903406,0.0220337551887061,0.0340676085928654,0.0134225885558785,10.0166528008778,3,0.00203641743491128,0.00545825686696741,0.00443652627289402,0.0216844596241381,0.00535316159957002,0.0092372275804065,0.0127211944894578,0.0196689429917376,0.00774953511595804,5.78311719096582,0.963743883419377,0.981267877489838,0.683664550851425,0.730634518468088,0.246267513916179,0.284445177673524,0.695199795336657,0.881801194126536,0.643580537964153,0.689646128702513,0.465456938936229,0.544946103864535,0.554747270021409,0.664217034412888,0.684193283163412,0.853450545672785,0.372076907745782,0.438764024587715,100.783921698497,150.549411634837
"56","52",0.972722146666914,0.697108879948325,0.275613266718589,0.792138393143781,0.679156666666667,0.498695252711666,0.592861471876326,0.756192730829497,0.400187019470312,139.666666666667,0.0119722197518174,0.0189342063865084,0.0116780063977092,0.0659422850640075,0.0154666484518571,0.016293582182431,0.0267877557229664,0.0225549160331735,0.0232729982133155,2.08166599946613,3,0.00691216429650911,0.0109316691541426,0.00674230013731556,0.0380717960326837,0.00892967364714101,0.00940710405908983,0.0154659179776406,0.0130220868433021,0.0134366717833074,1.20185042515466,0.942981504088062,1.00246278924577,0.650073703821535,0.744144056075114,0.246603490627978,0.3046230428092,0.628328676017289,0.955948110270272,0.640735381973023,0.71757795136031,0.458219750752786,0.539170754670546,0.526316997671749,0.659405946080902,0.700163213326128,0.812222248332865,0.342373686943117,0.458000351997507,134.495521654124,144.837811679209
"57","53",0.976796737282616,0.711214000030541,0.265582737252074,0.805483433035206,0.673865666666667,0.515567846456622,0.622496731196343,0.792207241080125,0.411930543046261,131.666666666667,0.00210418505282212,0.0136784883780102,0.0118062337626987,0.0560176281264189,0.00974859150510128,0.0173839982650777,0.018699771463481,0.014187643574394,0.014441103580041,11.8462370959446,3,0.00121485180667164,0.00789727894715137,0.00681633224100976,0.0323417926781523,0.00562835192968992,0.0100366560779346,0.0107963180882253,0.00819123983684282,0.00833757503933193,6.83942817622773,0.971569651840399,0.982023822724832,0.677234751210988,0.745193248850095,0.236254426728414,0.294911047775734,0.666327930483563,0.944638935586849,0.649648822872396,0.698082510460938,0.47238360078534,0.558752092127904,0.576043923702797,0.668949538689889,0.756963180636101,0.827451301524149,0.376056853043788,0.447804233048733,102.238982354295,161.094350979038
"58","6",0.969868549215734,0.707423951904596,0.262444597311138,0.785229057070379,0.683607333333333,0.513699440304836,0.612830158926007,0.801493593238729,0.402115082395218,129,0.00272391386433967,0.0096887856861859,0.00858177917278229,0.0268244101243886,0.0102452429123635,0.0269027754731519,0.0267207025812828,0.0449156150530892,0.0114946364853579,2.64575131106459,3,0.00157265240282586,0.00559382302404002,0.00495469251553178,0.0154870804061687,0.00591509375336615,0.0155323246613723,0.0154272048282395,0.0259320424417187,0.00663643146905827,1.52752523165195,0.963101972061769,0.9766351263697,0.683355674000475,0.731492229808718,0.241126276034116,0.28376291858816,0.718593528284928,0.851864585855831,0.658156739048689,0.709057927617978,0.446869241201227,0.580529639408444,0.546452253959378,0.679208063892636,0.689917020038889,0.913070166438569,0.37356082241908,0.430669342371357,122.427589392272,135.572410607728
"59","7",0.974832530638074,0.69601434594929,0.278818184688785,0.797918688794445,0.682549333333333,0.467643140742865,0.558030894403564,0.709887875426266,0.384858750024349,129.666666666667,0.00355803075881091,0.00697322625220511,0.0056822401377603,0.0185477185174706,0.0348137829219023,0.0135636549305859,0.0252439020459235,0.0560423752614001,0.0049288042167343,12.5033328890074,3,0.00205423001638445,0.00402599405383079,0.003280642873136,0.010708530278915,0.0200997469414695,0.00783097982536896,0.0145745736416105,0.0323560804431954,0.00284564644131451,7.21880260923591,0.965993892250544,0.983671169025604,0.678691891643619,0.71333680025496,0.264702717675353,0.292933651702216,0.751843601758266,0.843993775830623,0.596067102288346,0.76903156437832,0.433949154020628,0.501337127465102,0.495321565339554,0.620740223467573,0.570670897583358,0.849104853269173,0.372614921595725,0.397102578452973,98.6066659145152,160.726667418818
"60","8",0.973403467317505,0.706364445165973,0.267039022151532,0.803291714963632,0.665822666666667,0.496938109100581,0.59729450736758,0.782607846528342,0.3801433605523,138.333333333333,0.00843934622220288,0.00833306783507532,0.0115912695867319,0.0098312305427649,0.0536604621703292,0.0111643007618678,0.0136062217966952,0.0344680577341062,0.0257879775283808,8.62167810425171,3,0.00487245881317328,0.00481109895775615,0.00669222261614916,0.00567606360033059,0.0309808822788793,0.0064457120501783,0.00785555581697575,0.0199001424112298,0.0148886957678667,4.97772817435603,0.952438969104413,0.994367965530597,0.685663957102289,0.727064933229657,0.238244712244067,0.295833332058998,0.778869584419438,0.827713845507826,0.5325226889594,0.799122644373933,0.469204448552702,0.524671769648459,0.56349477868797,0.63109423604719,0.696984444460261,0.868231248596423,0.316082473064279,0.444204248040321,116.91589761599,159.750769050677
"61","9",0.967131228771614,0.70575114762289,0.261380081148724,0.70314371372838,0.656704333333333,0.486353554637847,0.58189535161149,0.779429033907074,0.401790504806973,125.666666666667,0.0032268905431369,0.0064815725077969,0.0086842428403946,0.0352402755666118,0.0165302917195473,0.00281364794589314,0.00544603778472053,0.0246961099906967,0.00962800128538662,7.57187779440036,3,0.00186304612372555,0.00374213763214862,0.0050138499416099,0.0203459825846999,0.00954376837406367,0.00162446039896624,0.00314427138102527,0.0142583057510654,0.00555872913387603,4.371625682868,0.959115188281717,0.975147269261511,0.689650028924827,0.721852266320952,0.239807226010902,0.282952936286546,0.615602016220886,0.790685411235874,0.615640812286572,0.697767854380095,0.479364065667865,0.493343043607829,0.568366643770848,0.595424059452131,0.71808049574565,0.840777572068498,0.377873223725164,0.425707785888783,106.857079488832,144.476253844502
